Document,Topic,Name,Representation,Representative_Docs,Top_n_words,Probability,Representative_document
삼성중공업 화 속 보,-1,-1_삼성중공업_삼중_폭등_월요일,"['삼성중공업', '삼중', '폭등', '월요일', '연준', '금리', '삼성중', '이젠', '장기간', '삼중아']","['삼성중공업', '삼성중공업 배 폭등 이젠 장기간', '삼성중공업 배 폭등 이젠 장기간 폭']",삼성중공업 - 삼중 - 폭등 - 월요일 - 연준 - 금리 - 삼성중 - 이젠 - 장기간 - 삼중아,0.0,False
빨리들,2,2_형아들_완료_간다_드디어,"['형아들', '완료', '간다', '드디어', '다시왔어', '맘대로해라', '뺀다', '빨리들', '내말', '뛰어내림']","['형아들 잘있어', '셋팅 완료', '년보유주식 재배치 완료']",형아들 - 완료 - 간다 - 드디어 - 다시왔어 - 맘대로해라 - 뺀다 - 빨리들 - 내말 - 뛰어내림,1.0,False
걸갱이 거간꾼들,0,0_jp모간_마리악마_오늘도_오늘,"['jp모간', '마리악마', '오늘도', '오늘', '신한', '한국', '하한가', '미장', 'p상승', 'per이']","['미장 대폭락 증권사 친구가 알려준 금일 대응', '마리악마 JP모간 노무라 한국 신한 악당늄들', '오늘도 마리악마 JP모간 한국 신한']",jp모간 - 마리악마 - 오늘도 - 오늘 - 신한 - 한국 - 하한가 - 미장 - p상승 - per이,1.0,False
분에 외쿡형들 쓸어담네 뭐있,0,0_jp모간_마리악마_오늘도_오늘,"['jp모간', '마리악마', '오늘도', '오늘', '신한', '한국', '하한가', '미장', 'p상승', 'per이']","['미장 대폭락 증권사 친구가 알려준 금일 대응', '마리악마 JP모간 노무라 한국 신한 악당늄들', '오늘도 마리악마 JP모간 한국 신한']",jp모간 - 마리악마 - 오늘도 - 오늘 - 신한 - 한국 - 하한가 - 미장 - p상승 - per이,0.9521306001207357,False
굿잡,1,1_로봇_불문율_굿잡_경축,"['로봇', '불문율', '굿잡', '경축', '개미수급', 'flng', '모임', '지수보다', '에고', '오로지']","['커피가 너무', '오로지 개미수급', '조선용 로봇']",로봇 - 불문율 - 굿잡 - 경축 - 개미수급 - flng - 모임 - 지수보다 - 에고 - 오로지,0.9154381843967229,False
삼성중공업 수주 정체와 수익성 불확실성에 주,-1,-1_삼성중공업_삼중_폭등_월요일,"['삼성중공업', '삼중', '폭등', '월요일', '연준', '금리', '삼성중', '이젠', '장기간', '삼중아']","['삼성중공업', '삼성중공업 배 폭등 이젠 장기간', '삼성중공업 배 폭등 이젠 장기간 폭']",삼성중공업 - 삼중 - 폭등 - 월요일 - 연준 - 금리 - 삼성중 - 이젠 - 장기간 - 삼중아,0.0,False
하한가 하한가 신나는 노래,0,0_jp모간_마리악마_오늘도_오늘,"['jp모간', '마리악마', '오늘도', '오늘', '신한', '한국', '하한가', '미장', 'p상승', 'per이']","['미장 대폭락 증권사 친구가 알려준 금일 대응', '마리악마 JP모간 노무라 한국 신한 악당늄들', '오늘도 마리악마 JP모간 한국 신한']",jp모간 - 마리악마 - 오늘도 - 오늘 - 신한 - 한국 - 하한가 - 미장 - p상승 - per이,1.0,False
이구 삼중아 괜찮니,-1,-1_삼성중공업_삼중_폭등_월요일,"['삼성중공업', '삼중', '폭등', '월요일', '연준', '금리', '삼성중', '이젠', '장기간', '삼중아']","['삼성중공업', '삼성중공업 배 폭등 이젠 장기간', '삼성중공업 배 폭등 이젠 장기간 폭']",삼성중공업 - 삼중 - 폭등 - 월요일 - 연준 - 금리 - 삼성중 - 이젠 - 장기간 - 삼중아,0.0,False
형아들 다시왔어,2,2_형아들_완료_간다_드디어,"['형아들', '완료', '간다', '드디어', '다시왔어', '맘대로해라', '뺀다', '빨리들', '내말', '뛰어내림']","['형아들 잘있어', '셋팅 완료', '년보유주식 재배치 완료']",형아들 - 완료 - 간다 - 드디어 - 다시왔어 - 맘대로해라 - 뺀다 - 빨리들 - 내말 - 뛰어내림,1.0,False
삼중 일이면 방향성 나타남,-1,-1_삼성중공업_삼중_폭등_월요일,"['삼성중공업', '삼중', '폭등', '월요일', '연준', '금리', '삼성중', '이젠', '장기간', '삼중아']","['삼성중공업', '삼성중공업 배 폭등 이젠 장기간', '삼성중공업 배 폭등 이젠 장기간 폭']",삼성중공업 - 삼중 - 폭등 - 월요일 - 연준 - 금리 - 삼성중 - 이젠 - 장기간 - 삼중아,0.0,False
외쿡넘들 흔들면서 모아가는 이유가 다 있다,0,0_jp모간_마리악마_오늘도_오늘,"['jp모간', '마리악마', '오늘도', '오늘', '신한', '한국', '하한가', '미장', 'p상승', 'per이']","['미장 대폭락 증권사 친구가 알려준 금일 대응', '마리악마 JP모간 노무라 한국 신한 악당늄들', '오늘도 마리악마 JP모간 한국 신한']",jp모간 - 마리악마 - 오늘도 - 오늘 - 신한 - 한국 - 하한가 - 미장 - p상승 - per이,1.0,False
못가게 필사적으로 막네,0,0_jp모간_마리악마_오늘도_오늘,"['jp모간', '마리악마', '오늘도', '오늘', '신한', '한국', '하한가', '미장', 'p상승', 'per이']","['미장 대폭락 증권사 친구가 알려준 금일 대응', '마리악마 JP모간 노무라 한국 신한 악당늄들', '오늘도 마리악마 JP모간 한국 신한']",jp모간 - 마리악마 - 오늘도 - 오늘 - 신한 - 한국 - 하한가 - 미장 - p상승 - per이,1.0,False
삼중이는,-1,-1_삼성중공업_삼중_폭등_월요일,"['삼성중공업', '삼중', '폭등', '월요일', '연준', '금리', '삼성중', '이젠', '장기간', '삼중아']","['삼성중공업', '삼성중공업 배 폭등 이젠 장기간', '삼성중공업 배 폭등 이젠 장기간 폭']",삼성중공업 - 삼중 - 폭등 - 월요일 - 연준 - 금리 - 삼성중 - 이젠 - 장기간 - 삼중아,0.0,False
삼성중공업 배 폭등 이젠 장기간,-1,-1_삼성중공업_삼중_폭등_월요일,"['삼성중공업', '삼중', '폭등', '월요일', '연준', '금리', '삼성중', '이젠', '장기간', '삼중아']","['삼성중공업', '삼성중공업 배 폭등 이젠 장기간', '삼성중공업 배 폭등 이젠 장기간 폭']",삼성중공업 - 삼중 - 폭등 - 월요일 - 연준 - 금리 - 삼성중 - 이젠 - 장기간 - 삼중아,0.0,True
지금도 많이비싼가격인가요 싸게 산 기관매물이,-1,-1_삼성중공업_삼중_폭등_월요일,"['삼성중공업', '삼중', '폭등', '월요일', '연준', '금리', '삼성중', '이젠', '장기간', '삼중아']","['삼성중공업', '삼성중공업 배 폭등 이젠 장기간', '삼성중공업 배 폭등 이젠 장기간 폭']",삼성중공업 - 삼중 - 폭등 - 월요일 - 연준 - 금리 - 삼성중 - 이젠 - 장기간 - 삼중아,0.0,False
오늘 새롭게 올라온 소 식이네요,0,0_jp모간_마리악마_오늘도_오늘,"['jp모간', '마리악마', '오늘도', '오늘', '신한', '한국', '하한가', '미장', 'p상승', 'per이']","['미장 대폭락 증권사 친구가 알려준 금일 대응', '마리악마 JP모간 노무라 한국 신한 악당늄들', '오늘도 마리악마 JP모간 한국 신한']",jp모간 - 마리악마 - 오늘도 - 오늘 - 신한 - 한국 - 하한가 - 미장 - p상승 - per이,0.939395842094886,False
연기금도사는데,0,0_jp모간_마리악마_오늘도_오늘,"['jp모간', '마리악마', '오늘도', '오늘', '신한', '한국', '하한가', '미장', 'p상승', 'per이']","['미장 대폭락 증권사 친구가 알려준 금일 대응', '마리악마 JP모간 노무라 한국 신한 악당늄들', '오늘도 마리악마 JP모간 한국 신한']",jp모간 - 마리악마 - 오늘도 - 오늘 - 신한 - 한국 - 하한가 - 미장 - p상승 - per이,1.0,False
조심들 하세요,2,2_형아들_완료_간다_드디어,"['형아들', '완료', '간다', '드디어', '다시왔어', '맘대로해라', '뺀다', '빨리들', '내말', '뛰어내림']","['형아들 잘있어', '셋팅 완료', '년보유주식 재배치 완료']",형아들 - 완료 - 간다 - 드디어 - 다시왔어 - 맘대로해라 - 뺀다 - 빨리들 - 내말 - 뛰어내림,1.0,False
전종목 현금확보하시길,-1,-1_삼성중공업_삼중_폭등_월요일,"['삼성중공업', '삼중', '폭등', '월요일', '연준', '금리', '삼성중', '이젠', '장기간', '삼중아']","['삼성중공업', '삼성중공업 배 폭등 이젠 장기간', '삼성중공업 배 폭등 이젠 장기간 폭']",삼성중공업 - 삼중 - 폭등 - 월요일 - 연준 - 금리 - 삼성중 - 이젠 - 장기간 - 삼중아,0.0,False
그래도 삼중은 한오 현중에 비해 잘 버티네,-1,-1_삼성중공업_삼중_폭등_월요일,"['삼성중공업', '삼중', '폭등', '월요일', '연준', '금리', '삼성중', '이젠', '장기간', '삼중아']","['삼성중공업', '삼성중공업 배 폭등 이젠 장기간', '삼성중공업 배 폭등 이젠 장기간 폭']",삼성중공업 - 삼중 - 폭등 - 월요일 - 연준 - 금리 - 삼성중 - 이젠 - 장기간 - 삼중아,0.0,False
만대까지 떨어짐,-1,-1_삼성중공업_삼중_폭등_월요일,"['삼성중공업', '삼중', '폭등', '월요일', '연준', '금리', '삼성중', '이젠', '장기간', '삼중아']","['삼성중공업', '삼성중공업 배 폭등 이젠 장기간', '삼성중공업 배 폭등 이젠 장기간 폭']",삼성중공업 - 삼중 - 폭등 - 월요일 - 연준 - 금리 - 삼성중 - 이젠 - 장기간 - 삼중아,0.0,False
상장주,1,1_로봇_불문율_굿잡_경축,"['로봇', '불문율', '굿잡', '경축', '개미수급', 'flng', '모임', '지수보다', '에고', '오로지']","['커피가 너무', '오로지 개미수급', '조선용 로봇']",로봇 - 불문율 - 굿잡 - 경축 - 개미수급 - flng - 모임 - 지수보다 - 에고 - 오로지,1.0,False
원 까지 갑니다,-1,-1_삼성중공업_삼중_폭등_월요일,"['삼성중공업', '삼중', '폭등', '월요일', '연준', '금리', '삼성중', '이젠', '장기간', '삼중아']","['삼성중공업', '삼성중공업 배 폭등 이젠 장기간', '삼성중공업 배 폭등 이젠 장기간 폭']",삼성중공업 - 삼중 - 폭등 - 월요일 - 연준 - 금리 - 삼성중 - 이젠 - 장기간 - 삼중아,0.0,False
원 원 넘으면 전부다 바꿔야,0,0_jp모간_마리악마_오늘도_오늘,"['jp모간', '마리악마', '오늘도', '오늘', '신한', '한국', '하한가', '미장', 'p상승', 'per이']","['미장 대폭락 증권사 친구가 알려준 금일 대응', '마리악마 JP모간 노무라 한국 신한 악당늄들', '오늘도 마리악마 JP모간 한국 신한']",jp모간 - 마리악마 - 오늘도 - 오늘 - 신한 - 한국 - 하한가 - 미장 - p상승 - per이,0.8537338954197433,False
하락 추세 계속되는게 문제,0,0_jp모간_마리악마_오늘도_오늘,"['jp모간', '마리악마', '오늘도', '오늘', '신한', '한국', '하한가', '미장', 'p상승', 'per이']","['미장 대폭락 증권사 친구가 알려준 금일 대응', '마리악마 JP모간 노무라 한국 신한 악당늄들', '오늘도 마리악마 JP모간 한국 신한']",jp모간 - 마리악마 - 오늘도 - 오늘 - 신한 - 한국 - 하한가 - 미장 - p상승 - per이,0.8331956348319631,False
이개잡주 삼중아 년전부터 모쟘피크 사기치나,-1,-1_삼성중공업_삼중_폭등_월요일,"['삼성중공업', '삼중', '폭등', '월요일', '연준', '금리', '삼성중', '이젠', '장기간', '삼중아']","['삼성중공업', '삼성중공업 배 폭등 이젠 장기간', '삼성중공업 배 폭등 이젠 장기간 폭']",삼성중공업 - 삼중 - 폭등 - 월요일 - 연준 - 금리 - 삼성중 - 이젠 - 장기간 - 삼중아,0.0,False
올릴땐 뒤지게 못올리몀서,0,0_jp모간_마리악마_오늘도_오늘,"['jp모간', '마리악마', '오늘도', '오늘', '신한', '한국', '하한가', '미장', 'p상승', 'per이']","['미장 대폭락 증권사 친구가 알려준 금일 대응', '마리악마 JP모간 노무라 한국 신한 악당늄들', '오늘도 마리악마 JP모간 한국 신한']",jp모간 - 마리악마 - 오늘도 - 오늘 - 신한 - 한국 - 하한가 - 미장 - p상승 - per이,1.0,False
올해들어 최고가 대비 빠졌네,-1,-1_삼성중공업_삼중_폭등_월요일,"['삼성중공업', '삼중', '폭등', '월요일', '연준', '금리', '삼성중', '이젠', '장기간', '삼중아']","['삼성중공업', '삼성중공업 배 폭등 이젠 장기간', '삼성중공업 배 폭등 이젠 장기간 폭']",삼성중공업 - 삼중 - 폭등 - 월요일 - 연준 - 금리 - 삼성중 - 이젠 - 장기간 - 삼중아,0.0,False
경축,1,1_로봇_불문율_굿잡_경축,"['로봇', '불문율', '굿잡', '경축', '개미수급', 'flng', '모임', '지수보다', '에고', '오로지']","['커피가 너무', '오로지 개미수급', '조선용 로봇']",로봇 - 불문율 - 굿잡 - 경축 - 개미수급 - flng - 모임 - 지수보다 - 에고 - 오로지,1.0,False
삼중이 주가에 영향을 미치는 가장 큰 요인은,-1,-1_삼성중공업_삼중_폭등_월요일,"['삼성중공업', '삼중', '폭등', '월요일', '연준', '금리', '삼성중', '이젠', '장기간', '삼중아']","['삼성중공업', '삼성중공업 배 폭등 이젠 장기간', '삼성중공업 배 폭등 이젠 장기간 폭']",삼성중공업 - 삼중 - 폭등 - 월요일 - 연준 - 금리 - 삼성중 - 이젠 - 장기간 - 삼중아,0.0,False
외국인 지분 너무 높아,0,0_jp모간_마리악마_오늘도_오늘,"['jp모간', '마리악마', '오늘도', '오늘', '신한', '한국', '하한가', '미장', 'p상승', 'per이']","['미장 대폭락 증권사 친구가 알려준 금일 대응', '마리악마 JP모간 노무라 한국 신한 악당늄들', '오늘도 마리악마 JP모간 한국 신한']",jp모간 - 마리악마 - 오늘도 - 오늘 - 신한 - 한국 - 하한가 - 미장 - p상승 - per이,0.9422479349028655,False
지들만 팔고 사고하네,0,0_jp모간_마리악마_오늘도_오늘,"['jp모간', '마리악마', '오늘도', '오늘', '신한', '한국', '하한가', '미장', 'p상승', 'per이']","['미장 대폭락 증권사 친구가 알려준 금일 대응', '마리악마 JP모간 노무라 한국 신한 악당늄들', '오늘도 마리악마 JP모간 한국 신한']",jp모간 - 마리악마 - 오늘도 - 오늘 - 신한 - 한국 - 하한가 - 미장 - p상승 - per이,0.8447681141782919,False
연기금도 사는데,0,0_jp모간_마리악마_오늘도_오늘,"['jp모간', '마리악마', '오늘도', '오늘', '신한', '한국', '하한가', '미장', 'p상승', 'per이']","['미장 대폭락 증권사 친구가 알려준 금일 대응', '마리악마 JP모간 노무라 한국 신한 악당늄들', '오늘도 마리악마 JP모간 한국 신한']",jp모간 - 마리악마 - 오늘도 - 오늘 - 신한 - 한국 - 하한가 - 미장 - p상승 - per이,0.970381286561075,False
한화오션이 가야 간다니,0,0_jp모간_마리악마_오늘도_오늘,"['jp모간', '마리악마', '오늘도', '오늘', '신한', '한국', '하한가', '미장', 'p상승', 'per이']","['미장 대폭락 증권사 친구가 알려준 금일 대응', '마리악마 JP모간 노무라 한국 신한 악당늄들', '오늘도 마리악마 JP모간 한국 신한']",jp모간 - 마리악마 - 오늘도 - 오늘 - 신한 - 한국 - 하한가 - 미장 - p상승 - per이,0.7584992490088495,False
만천원에 만주있는데,-1,-1_삼성중공업_삼중_폭등_월요일,"['삼성중공업', '삼중', '폭등', '월요일', '연준', '금리', '삼성중', '이젠', '장기간', '삼중아']","['삼성중공업', '삼성중공업 배 폭등 이젠 장기간', '삼성중공업 배 폭등 이젠 장기간 폭']",삼성중공업 - 삼중 - 폭등 - 월요일 - 연준 - 금리 - 삼성중 - 이젠 - 장기간 - 삼중아,0.0,False
죽은 주식,-1,-1_삼성중공업_삼중_폭등_월요일,"['삼성중공업', '삼중', '폭등', '월요일', '연준', '금리', '삼성중', '이젠', '장기간', '삼중아']","['삼성중공업', '삼성중공업 배 폭등 이젠 장기간', '삼성중공업 배 폭등 이젠 장기간 폭']",삼성중공업 - 삼중 - 폭등 - 월요일 - 연준 - 금리 - 삼성중 - 이젠 - 장기간 - 삼중아,0.0,False
대량 수주받으면 주가하락하는것이유행인,0,0_jp모간_마리악마_오늘도_오늘,"['jp모간', '마리악마', '오늘도', '오늘', '신한', '한국', '하한가', '미장', 'p상승', 'per이']","['미장 대폭락 증권사 친구가 알려준 금일 대응', '마리악마 JP모간 노무라 한국 신한 악당늄들', '오늘도 마리악마 JP모간 한국 신한']",jp모간 - 마리악마 - 오늘도 - 오늘 - 신한 - 한국 - 하한가 - 미장 - p상승 - per이,0.7879328165265267,False
에 사람있어요,-1,-1_삼성중공업_삼중_폭등_월요일,"['삼성중공업', '삼중', '폭등', '월요일', '연준', '금리', '삼성중', '이젠', '장기간', '삼중아']","['삼성중공업', '삼성중공업 배 폭등 이젠 장기간', '삼성중공업 배 폭등 이젠 장기간 폭']",삼성중공업 - 삼중 - 폭등 - 월요일 - 연준 - 금리 - 삼성중 - 이젠 - 장기간 - 삼중아,0.0,False
드디어 착륙하다,2,2_형아들_완료_간다_드디어,"['형아들', '완료', '간다', '드디어', '다시왔어', '맘대로해라', '뺀다', '빨리들', '내말', '뛰어내림']","['형아들 잘있어', '셋팅 완료', '년보유주식 재배치 완료']",형아들 - 완료 - 간다 - 드디어 - 다시왔어 - 맘대로해라 - 뺀다 - 빨리들 - 내말 - 뛰어내림,0.8319471665835403,False
단독 마스가 참가 조선사 크리스마스 에 윤,-1,-1_삼성중공업_삼중_폭등_월요일,"['삼성중공업', '삼중', '폭등', '월요일', '연준', '금리', '삼성중', '이젠', '장기간', '삼중아']","['삼성중공업', '삼성중공업 배 폭등 이젠 장기간', '삼성중공업 배 폭등 이젠 장기간 폭']",삼성중공업 - 삼중 - 폭등 - 월요일 - 연준 - 금리 - 삼성중 - 이젠 - 장기간 - 삼중아,0.0,False
차라리,1,1_로봇_불문율_굿잡_경축,"['로봇', '불문율', '굿잡', '경축', '개미수급', 'flng', '모임', '지수보다', '에고', '오로지']","['커피가 너무', '오로지 개미수급', '조선용 로봇']",로봇 - 불문율 - 굿잡 - 경축 - 개미수급 - flng - 모임 - 지수보다 - 에고 - 오로지,1.0,False
이주식은 하한가 공매로 먹으라는 주식이네,-1,-1_삼성중공업_삼중_폭등_월요일,"['삼성중공업', '삼중', '폭등', '월요일', '연준', '금리', '삼성중', '이젠', '장기간', '삼중아']","['삼성중공업', '삼성중공업 배 폭등 이젠 장기간', '삼성중공업 배 폭등 이젠 장기간 폭']",삼성중공업 - 삼중 - 폭등 - 월요일 - 연준 - 금리 - 삼성중 - 이젠 - 장기간 - 삼중아,0.0,False
유튭에서 삼중 막 떠들더니,-1,-1_삼성중공업_삼중_폭등_월요일,"['삼성중공업', '삼중', '폭등', '월요일', '연준', '금리', '삼성중', '이젠', '장기간', '삼중아']","['삼성중공업', '삼성중공업 배 폭등 이젠 장기간', '삼성중공업 배 폭등 이젠 장기간 폭']",삼성중공업 - 삼중 - 폭등 - 월요일 - 연준 - 금리 - 삼성중 - 이젠 - 장기간 - 삼중아,0.0,False
이제 간다,2,2_형아들_완료_간다_드디어,"['형아들', '완료', '간다', '드디어', '다시왔어', '맘대로해라', '뺀다', '빨리들', '내말', '뛰어내림']","['형아들 잘있어', '셋팅 완료', '년보유주식 재배치 완료']",형아들 - 완료 - 간다 - 드디어 - 다시왔어 - 맘대로해라 - 뺀다 - 빨리들 - 내말 - 뛰어내림,1.0,False
일주일 넘게 처박네,-1,-1_삼성중공업_삼중_폭등_월요일,"['삼성중공업', '삼중', '폭등', '월요일', '연준', '금리', '삼성중', '이젠', '장기간', '삼중아']","['삼성중공업', '삼성중공업 배 폭등 이젠 장기간', '삼성중공업 배 폭등 이젠 장기간 폭']",삼성중공업 - 삼중 - 폭등 - 월요일 - 연준 - 금리 - 삼성중 - 이젠 - 장기간 - 삼중아,0.0,False
쫄지마라,-1,-1_삼성중공업_삼중_폭등_월요일,"['삼성중공업', '삼중', '폭등', '월요일', '연준', '금리', '삼성중', '이젠', '장기간', '삼중아']","['삼성중공업', '삼성중공업 배 폭등 이젠 장기간', '삼성중공업 배 폭등 이젠 장기간 폭']",삼성중공업 - 삼중 - 폭등 - 월요일 - 연준 - 금리 - 삼성중 - 이젠 - 장기간 - 삼중아,0.0,False
진짜 어디까지 빠질건지,0,0_jp모간_마리악마_오늘도_오늘,"['jp모간', '마리악마', '오늘도', '오늘', '신한', '한국', '하한가', '미장', 'p상승', 'per이']","['미장 대폭락 증권사 친구가 알려준 금일 대응', '마리악마 JP모간 노무라 한국 신한 악당늄들', '오늘도 마리악마 JP모간 한국 신한']",jp모간 - 마리악마 - 오늘도 - 오늘 - 신한 - 한국 - 하한가 - 미장 - p상승 - per이,0.9117052237696143,False
삼만원에,-1,-1_삼성중공업_삼중_폭등_월요일,"['삼성중공업', '삼중', '폭등', '월요일', '연준', '금리', '삼성중', '이젠', '장기간', '삼중아']","['삼성중공업', '삼성중공업 배 폭등 이젠 장기간', '삼성중공업 배 폭등 이젠 장기간 폭']",삼성중공업 - 삼중 - 폭등 - 월요일 - 연준 - 금리 - 삼성중 - 이젠 - 장기간 - 삼중아,0.0,False
김장담그면서 이것도 담거,0,0_jp모간_마리악마_오늘도_오늘,"['jp모간', '마리악마', '오늘도', '오늘', '신한', '한국', '하한가', '미장', 'p상승', 'per이']","['미장 대폭락 증권사 친구가 알려준 금일 대응', '마리악마 JP모간 노무라 한국 신한 악당늄들', '오늘도 마리악마 JP모간 한국 신한']",jp모간 - 마리악마 - 오늘도 - 오늘 - 신한 - 한국 - 하한가 - 미장 - p상승 - per이,1.0,False
원 까지 뺀다,2,2_형아들_완료_간다_드디어,"['형아들', '완료', '간다', '드디어', '다시왔어', '맘대로해라', '뺀다', '빨리들', '내말', '뛰어내림']","['형아들 잘있어', '셋팅 완료', '년보유주식 재배치 완료']",형아들 - 완료 - 간다 - 드디어 - 다시왔어 - 맘대로해라 - 뺀다 - 빨리들 - 내말 - 뛰어내림,0.9029779228601411,False
주식년차 대응법,3,3_상승_이재명_공매도_다음주,"['상승', '이재명', '공매도', '다음주', '년월', '개월', '금년', '한율', '대미투자펀드', '따른']","['현정부 혈세로 민노총 전세금 지원', '이재명 정부 연구개발 R D 예산 대폭 증액', '금년 월 환율 상승 지적한 이재명']",상승 - 이재명 - 공매도 - 다음주 - 년월 - 개월 - 금년 - 한율 - 대미투자펀드 - 따른,1.0,False
지금은 홀딩,-1,-1_삼성중공업_삼중_폭등_월요일,"['삼성중공업', '삼중', '폭등', '월요일', '연준', '금리', '삼성중', '이젠', '장기간', '삼중아']","['삼성중공업', '삼성중공업 배 폭등 이젠 장기간', '삼성중공업 배 폭등 이젠 장기간 폭']",삼성중공업 - 삼중 - 폭등 - 월요일 - 연준 - 금리 - 삼성중 - 이젠 - 장기간 - 삼중아,0.0,False
맹신자들 조선도 조선나름 대장주들방산주들만,0,0_jp모간_마리악마_오늘도_오늘,"['jp모간', '마리악마', '오늘도', '오늘', '신한', '한국', '하한가', '미장', 'p상승', 'per이']","['미장 대폭락 증권사 친구가 알려준 금일 대응', '마리악마 JP모간 노무라 한국 신한 악당늄들', '오늘도 마리악마 JP모간 한국 신한']",jp모간 - 마리악마 - 오늘도 - 오늘 - 신한 - 한국 - 하한가 - 미장 - p상승 - per이,0.8677199770769264,False
천하의사기꾼 JP모간만 신한만 마리익마,0,0_jp모간_마리악마_오늘도_오늘,"['jp모간', '마리악마', '오늘도', '오늘', '신한', '한국', '하한가', '미장', 'p상승', 'per이']","['미장 대폭락 증권사 친구가 알려준 금일 대응', '마리악마 JP모간 노무라 한국 신한 악당늄들', '오늘도 마리악마 JP모간 한국 신한']",jp모간 - 마리악마 - 오늘도 - 오늘 - 신한 - 한국 - 하한가 - 미장 - p상승 - per이,1.0,False
주가,1,1_로봇_불문율_굿잡_경축,"['로봇', '불문율', '굿잡', '경축', '개미수급', 'flng', '모임', '지수보다', '에고', '오로지']","['커피가 너무', '오로지 개미수급', '조선용 로봇']",로봇 - 불문율 - 굿잡 - 경축 - 개미수급 - flng - 모임 - 지수보다 - 에고 - 오로지,0.8606315805043593,False
삼만 가려면,-1,-1_삼성중공업_삼중_폭등_월요일,"['삼성중공업', '삼중', '폭등', '월요일', '연준', '금리', '삼성중', '이젠', '장기간', '삼중아']","['삼성중공업', '삼성중공업 배 폭등 이젠 장기간', '삼성중공업 배 폭등 이젠 장기간 폭']",삼성중공업 - 삼중 - 폭등 - 월요일 - 연준 - 금리 - 삼성중 - 이젠 - 장기간 - 삼중아,0.0,False
삼성그룹이 버린거 맞지,-1,-1_삼성중공업_삼중_폭등_월요일,"['삼성중공업', '삼중', '폭등', '월요일', '연준', '금리', '삼성중', '이젠', '장기간', '삼중아']","['삼성중공업', '삼성중공업 배 폭등 이젠 장기간', '삼성중공업 배 폭등 이젠 장기간 폭']",삼성중공업 - 삼중 - 폭등 - 월요일 - 연준 - 금리 - 삼성중 - 이젠 - 장기간 - 삼중아,0.0,False
맘대로해라,2,2_형아들_완료_간다_드디어,"['형아들', '완료', '간다', '드디어', '다시왔어', '맘대로해라', '뺀다', '빨리들', '내말', '뛰어내림']","['형아들 잘있어', '셋팅 완료', '년보유주식 재배치 완료']",형아들 - 완료 - 간다 - 드디어 - 다시왔어 - 맘대로해라 - 뺀다 - 빨리들 - 내말 - 뛰어내림,0.937766578757235,False
살려,-1,-1_삼성중공업_삼중_폭등_월요일,"['삼성중공업', '삼중', '폭등', '월요일', '연준', '금리', '삼성중', '이젠', '장기간', '삼중아']","['삼성중공업', '삼성중공업 배 폭등 이젠 장기간', '삼성중공업 배 폭등 이젠 장기간 폭']",삼성중공업 - 삼중 - 폭등 - 월요일 - 연준 - 금리 - 삼성중 - 이젠 - 장기간 - 삼중아,0.0,False
신용물량보니 아직 정신들을 못차렸네,0,0_jp모간_마리악마_오늘도_오늘,"['jp모간', '마리악마', '오늘도', '오늘', '신한', '한국', '하한가', '미장', 'p상승', 'per이']","['미장 대폭락 증권사 친구가 알려준 금일 대응', '마리악마 JP모간 노무라 한국 신한 악당늄들', '오늘도 마리악마 JP모간 한국 신한']",jp모간 - 마리악마 - 오늘도 - 오늘 - 신한 - 한국 - 하한가 - 미장 - p상승 - per이,0.9855560837295837,False
정치인들을 믿지말자,0,0_jp모간_마리악마_오늘도_오늘,"['jp모간', '마리악마', '오늘도', '오늘', '신한', '한국', '하한가', '미장', 'p상승', 'per이']","['미장 대폭락 증권사 친구가 알려준 금일 대응', '마리악마 JP모간 노무라 한국 신한 악당늄들', '오늘도 마리악마 JP모간 한국 신한']",jp모간 - 마리악마 - 오늘도 - 오늘 - 신한 - 한국 - 하한가 - 미장 - p상승 - per이,0.7593806458217502,False
에고,1,1_로봇_불문율_굿잡_경축,"['로봇', '불문율', '굿잡', '경축', '개미수급', 'flng', '모임', '지수보다', '에고', '오로지']","['커피가 너무', '오로지 개미수급', '조선용 로봇']",로봇 - 불문율 - 굿잡 - 경축 - 개미수급 - flng - 모임 - 지수보다 - 에고 - 오로지,1.0,False
삼성중공업 배 폭등 이젠 장기간 폭,-1,-1_삼성중공업_삼중_폭등_월요일,"['삼성중공업', '삼중', '폭등', '월요일', '연준', '금리', '삼성중', '이젠', '장기간', '삼중아']","['삼성중공업', '삼성중공업 배 폭등 이젠 장기간', '삼성중공업 배 폭등 이젠 장기간 폭']",삼성중공업 - 삼중 - 폭등 - 월요일 - 연준 - 금리 - 삼성중 - 이젠 - 장기간 - 삼중아,0.0,True
조선업은 끝났다니까,-1,-1_삼성중공업_삼중_폭등_월요일,"['삼성중공업', '삼중', '폭등', '월요일', '연준', '금리', '삼성중', '이젠', '장기간', '삼중아']","['삼성중공업', '삼성중공업 배 폭등 이젠 장기간', '삼성중공업 배 폭등 이젠 장기간 폭']",삼성중공업 - 삼중 - 폭등 - 월요일 - 연준 - 금리 - 삼성중 - 이젠 - 장기간 - 삼중아,0.0,False
오늘도 음봉이야 이거 절대 못간다니,0,0_jp모간_마리악마_오늘도_오늘,"['jp모간', '마리악마', '오늘도', '오늘', '신한', '한국', '하한가', '미장', 'p상승', 'per이']","['미장 대폭락 증권사 친구가 알려준 금일 대응', '마리악마 JP모간 노무라 한국 신한 악당늄들', '오늘도 마리악마 JP모간 한국 신한']",jp모간 - 마리악마 - 오늘도 - 오늘 - 신한 - 한국 - 하한가 - 미장 - p상승 - per이,1.0,False
삼전 손절,-1,-1_삼성중공업_삼중_폭등_월요일,"['삼성중공업', '삼중', '폭등', '월요일', '연준', '금리', '삼성중', '이젠', '장기간', '삼중아']","['삼성중공업', '삼성중공업 배 폭등 이젠 장기간', '삼성중공업 배 폭등 이젠 장기간 폭']",삼성중공업 - 삼중 - 폭등 - 월요일 - 연준 - 금리 - 삼성중 - 이젠 - 장기간 - 삼중아,0.0,False
대미투자펀드 상반기에좋은결과나올듯,3,3_상승_이재명_공매도_다음주,"['상승', '이재명', '공매도', '다음주', '년월', '개월', '금년', '한율', '대미투자펀드', '따른']","['현정부 혈세로 민노총 전세금 지원', '이재명 정부 연구개발 R D 예산 대폭 증액', '금년 월 환율 상승 지적한 이재명']",상승 - 이재명 - 공매도 - 다음주 - 년월 - 개월 - 금년 - 한율 - 대미투자펀드 - 따른,1.0,False
오르겠나 다른주들,0,0_jp모간_마리악마_오늘도_오늘,"['jp모간', '마리악마', '오늘도', '오늘', '신한', '한국', '하한가', '미장', 'p상승', 'per이']","['미장 대폭락 증권사 친구가 알려준 금일 대응', '마리악마 JP모간 노무라 한국 신한 악당늄들', '오늘도 마리악마 JP모간 한국 신한']",jp모간 - 마리악마 - 오늘도 - 오늘 - 신한 - 한국 - 하한가 - 미장 - p상승 - per이,0.9323264142716098,False
보따리 싸라,0,0_jp모간_마리악마_오늘도_오늘,"['jp모간', '마리악마', '오늘도', '오늘', '신한', '한국', '하한가', '미장', 'p상승', 'per이']","['미장 대폭락 증권사 친구가 알려준 금일 대응', '마리악마 JP모간 노무라 한국 신한 악당늄들', '오늘도 마리악마 JP모간 한국 신한']",jp모간 - 마리악마 - 오늘도 - 오늘 - 신한 - 한국 - 하한가 - 미장 - p상승 - per이,1.0,False
코스피야간선물 P상승 미장 필반,0,0_jp모간_마리악마_오늘도_오늘,"['jp모간', '마리악마', '오늘도', '오늘', '신한', '한국', '하한가', '미장', 'p상승', 'per이']","['미장 대폭락 증권사 친구가 알려준 금일 대응', '마리악마 JP모간 노무라 한국 신한 악당늄들', '오늘도 마리악마 JP모간 한국 신한']",jp모간 - 마리악마 - 오늘도 - 오늘 - 신한 - 한국 - 하한가 - 미장 - p상승 - per이,0.7732678679325493,False
원 올려라,2,2_형아들_완료_간다_드디어,"['형아들', '완료', '간다', '드디어', '다시왔어', '맘대로해라', '뺀다', '빨리들', '내말', '뛰어내림']","['형아들 잘있어', '셋팅 완료', '년보유주식 재배치 완료']",형아들 - 완료 - 간다 - 드디어 - 다시왔어 - 맘대로해라 - 뺀다 - 빨리들 - 내말 - 뛰어내림,1.0,False
미장 대폭락 증권사 친구가 알려준 금일 대응,0,0_jp모간_마리악마_오늘도_오늘,"['jp모간', '마리악마', '오늘도', '오늘', '신한', '한국', '하한가', '미장', 'p상승', 'per이']","['미장 대폭락 증권사 친구가 알려준 금일 대응', '마리악마 JP모간 노무라 한국 신한 악당늄들', '오늘도 마리악마 JP모간 한국 신한']",jp모간 - 마리악마 - 오늘도 - 오늘 - 신한 - 한국 - 하한가 - 미장 - p상승 - per이,0.8677199770769264,True
한율 변동에 따른 수출기업의 수,3,3_상승_이재명_공매도_다음주,"['상승', '이재명', '공매도', '다음주', '년월', '개월', '금년', '한율', '대미투자펀드', '따른']","['현정부 혈세로 민노총 전세금 지원', '이재명 정부 연구개발 R D 예산 대폭 증액', '금년 월 환율 상승 지적한 이재명']",상승 - 이재명 - 공매도 - 다음주 - 년월 - 개월 - 금년 - 한율 - 대미투자펀드 - 따른,0.9626003059914482,False
삼성중 월요일 대폭락 하한가 마이너스,-1,-1_삼성중공업_삼중_폭등_월요일,"['삼성중공업', '삼중', '폭등', '월요일', '연준', '금리', '삼성중', '이젠', '장기간', '삼중아']","['삼성중공업', '삼성중공업 배 폭등 이젠 장기간', '삼성중공업 배 폭등 이젠 장기간 폭']",삼성중공업 - 삼중 - 폭등 - 월요일 - 연준 - 금리 - 삼성중 - 이젠 - 장기간 - 삼중아,0.0,False
월은 조정의달,-1,-1_삼성중공업_삼중_폭등_월요일,"['삼성중공업', '삼중', '폭등', '월요일', '연준', '금리', '삼성중', '이젠', '장기간', '삼중아']","['삼성중공업', '삼성중공업 배 폭등 이젠 장기간', '삼성중공업 배 폭등 이젠 장기간 폭']",삼성중공업 - 삼중 - 폭등 - 월요일 - 연준 - 금리 - 삼성중 - 이젠 - 장기간 - 삼중아,0.0,False
FLNG,1,1_로봇_불문율_굿잡_경축,"['로봇', '불문율', '굿잡', '경축', '개미수급', 'flng', '모임', '지수보다', '에고', '오로지']","['커피가 너무', '오로지 개미수급', '조선용 로봇']",로봇 - 불문율 - 굿잡 - 경축 - 개미수급 - flng - 모임 - 지수보다 - 에고 - 오로지,1.0,False
삼중 배당 한푼 없을듯,-1,-1_삼성중공업_삼중_폭등_월요일,"['삼성중공업', '삼중', '폭등', '월요일', '연준', '금리', '삼성중', '이젠', '장기간', '삼중아']","['삼성중공업', '삼성중공업 배 폭등 이젠 장기간', '삼성중공업 배 폭등 이젠 장기간 폭']",삼성중공업 - 삼중 - 폭등 - 월요일 - 연준 - 금리 - 삼성중 - 이젠 - 장기간 - 삼중아,0.0,False
조수주하면 뭐하나 더,-1,-1_삼성중공업_삼중_폭등_월요일,"['삼성중공업', '삼중', '폭등', '월요일', '연준', '금리', '삼성중', '이젠', '장기간', '삼중아']","['삼성중공업', '삼성중공업 배 폭등 이젠 장기간', '삼성중공업 배 폭등 이젠 장기간 폭']",삼성중공업 - 삼중 - 폭등 - 월요일 - 연준 - 금리 - 삼성중 - 이젠 - 장기간 - 삼중아,0.0,False
바지까지 벗고 대장동 일당 편드는,0,0_jp모간_마리악마_오늘도_오늘,"['jp모간', '마리악마', '오늘도', '오늘', '신한', '한국', '하한가', '미장', 'p상승', 'per이']","['미장 대폭락 증권사 친구가 알려준 금일 대응', '마리악마 JP모간 노무라 한국 신한 악당늄들', '오늘도 마리악마 JP모간 한국 신한']",jp모간 - 마리악마 - 오늘도 - 오늘 - 신한 - 한국 - 하한가 - 미장 - p상승 - per이,0.8537338954197433,False
결국 이낙연이었다,-1,-1_삼성중공업_삼중_폭등_월요일,"['삼성중공업', '삼중', '폭등', '월요일', '연준', '금리', '삼성중', '이젠', '장기간', '삼중아']","['삼성중공업', '삼성중공업 배 폭등 이젠 장기간', '삼성중공업 배 폭등 이젠 장기간 폭']",삼성중공업 - 삼중 - 폭등 - 월요일 - 연준 - 금리 - 삼성중 - 이젠 - 장기간 - 삼중아,0.0,False
형아들 잘있어,2,2_형아들_완료_간다_드디어,"['형아들', '완료', '간다', '드디어', '다시왔어', '맘대로해라', '뺀다', '빨리들', '내말', '뛰어내림']","['형아들 잘있어', '셋팅 완료', '년보유주식 재배치 완료']",형아들 - 완료 - 간다 - 드디어 - 다시왔어 - 맘대로해라 - 뺀다 - 빨리들 - 내말 - 뛰어내림,1.0,True
조선 수급 삼성중공업 실적호재 내일 반등이유,-1,-1_삼성중공업_삼중_폭등_월요일,"['삼성중공업', '삼중', '폭등', '월요일', '연준', '금리', '삼성중', '이젠', '장기간', '삼중아']","['삼성중공업', '삼성중공업 배 폭등 이젠 장기간', '삼성중공업 배 폭등 이젠 장기간 폭']",삼성중공업 - 삼중 - 폭등 - 월요일 - 연준 - 금리 - 삼성중 - 이젠 - 장기간 - 삼중아,0.0,False
팩트,1,1_로봇_불문율_굿잡_경축,"['로봇', '불문율', '굿잡', '경축', '개미수급', 'flng', '모임', '지수보다', '에고', '오로지']","['커피가 너무', '오로지 개미수급', '조선용 로봇']",로봇 - 불문율 - 굿잡 - 경축 - 개미수급 - flng - 모임 - 지수보다 - 에고 - 오로지,1.0,False
고수와하수의 차이,-1,-1_삼성중공업_삼중_폭등_월요일,"['삼성중공업', '삼중', '폭등', '월요일', '연준', '금리', '삼성중', '이젠', '장기간', '삼중아']","['삼성중공업', '삼성중공업 배 폭등 이젠 장기간', '삼성중공업 배 폭등 이젠 장기간 폭']",삼성중공업 - 삼중 - 폭등 - 월요일 - 연준 - 금리 - 삼성중 - 이젠 - 장기간 - 삼중아,0.0,False
불문율,1,1_로봇_불문율_굿잡_경축,"['로봇', '불문율', '굿잡', '경축', '개미수급', 'flng', '모임', '지수보다', '에고', '오로지']","['커피가 너무', '오로지 개미수급', '조선용 로봇']",로봇 - 불문율 - 굿잡 - 경축 - 개미수급 - flng - 모임 - 지수보다 - 에고 - 오로지,0.9932494159760191,False
낼 회복되나,0,0_jp모간_마리악마_오늘도_오늘,"['jp모간', '마리악마', '오늘도', '오늘', '신한', '한국', '하한가', '미장', 'p상승', 'per이']","['미장 대폭락 증권사 친구가 알려준 금일 대응', '마리악마 JP모간 노무라 한국 신한 악당늄들', '오늘도 마리악마 JP모간 한국 신한']",jp모간 - 마리악마 - 오늘도 - 오늘 - 신한 - 한국 - 하한가 - 미장 - p상승 - per이,1.0,False
현정부 혈세로 민노총 전세금 지원,3,3_상승_이재명_공매도_다음주,"['상승', '이재명', '공매도', '다음주', '년월', '개월', '금년', '한율', '대미투자펀드', '따른']","['현정부 혈세로 민노총 전세금 지원', '이재명 정부 연구개발 R D 예산 대폭 증액', '금년 월 환율 상승 지적한 이재명']",상승 - 이재명 - 공매도 - 다음주 - 년월 - 개월 - 금년 - 한율 - 대미투자펀드 - 따른,1.0,True
삼중 주가 특익 조원 환,-1,-1_삼성중공업_삼중_폭등_월요일,"['삼성중공업', '삼중', '폭등', '월요일', '연준', '금리', '삼성중', '이젠', '장기간', '삼중아']","['삼성중공업', '삼성중공업 배 폭등 이젠 장기간', '삼성중공업 배 폭등 이젠 장기간 폭']",삼성중공업 - 삼중 - 폭등 - 월요일 - 연준 - 금리 - 삼성중 - 이젠 - 장기간 - 삼중아,0.0,False
삼성중공업 mro 체결 날짜가 월일이고,-1,-1_삼성중공업_삼중_폭등_월요일,"['삼성중공업', '삼중', '폭등', '월요일', '연준', '금리', '삼성중', '이젠', '장기간', '삼중아']","['삼성중공업', '삼성중공업 배 폭등 이젠 장기간', '삼성중공업 배 폭등 이젠 장기간 폭']",삼성중공업 - 삼중 - 폭등 - 월요일 - 연준 - 금리 - 삼성중 - 이젠 - 장기간 - 삼중아,0.0,False
공매도,3,3_상승_이재명_공매도_다음주,"['상승', '이재명', '공매도', '다음주', '년월', '개월', '금년', '한율', '대미투자펀드', '따른']","['현정부 혈세로 민노총 전세금 지원', '이재명 정부 연구개발 R D 예산 대폭 증액', '금년 월 환율 상승 지적한 이재명']",상승 - 이재명 - 공매도 - 다음주 - 년월 - 개월 - 금년 - 한율 - 대미투자펀드 - 따른,0.9171620657557421,False
월요일 은 불기둥 쏘아 오르는것 아닌지 모르겠네,-1,-1_삼성중공업_삼중_폭등_월요일,"['삼성중공업', '삼중', '폭등', '월요일', '연준', '금리', '삼성중', '이젠', '장기간', '삼중아']","['삼성중공업', '삼성중공업 배 폭등 이젠 장기간', '삼성중공업 배 폭등 이젠 장기간 폭']",삼성중공업 - 삼중 - 폭등 - 월요일 - 연준 - 금리 - 삼성중 - 이젠 - 장기간 - 삼중아,0.0,False
세종 이순신 보다 더큰 업적쌓은 박정희,-1,-1_삼성중공업_삼중_폭등_월요일,"['삼성중공업', '삼중', '폭등', '월요일', '연준', '금리', '삼성중', '이젠', '장기간', '삼중아']","['삼성중공업', '삼성중공업 배 폭등 이젠 장기간', '삼성중공업 배 폭등 이젠 장기간 폭']",삼성중공업 - 삼중 - 폭등 - 월요일 - 연준 - 금리 - 삼성중 - 이젠 - 장기간 - 삼중아,0.0,False
물가를 로 떨어트린 대통령,-1,-1_삼성중공업_삼중_폭등_월요일,"['삼성중공업', '삼중', '폭등', '월요일', '연준', '금리', '삼성중', '이젠', '장기간', '삼중아']","['삼성중공업', '삼성중공업 배 폭등 이젠 장기간', '삼성중공업 배 폭등 이젠 장기간 폭']",삼성중공업 - 삼중 - 폭등 - 월요일 - 연준 - 금리 - 삼성중 - 이젠 - 장기간 - 삼중아,0.0,False
모임,1,1_로봇_불문율_굿잡_경축,"['로봇', '불문율', '굿잡', '경축', '개미수급', 'flng', '모임', '지수보다', '에고', '오로지']","['커피가 너무', '오로지 개미수급', '조선용 로봇']",로봇 - 불문율 - 굿잡 - 경축 - 개미수급 - flng - 모임 - 지수보다 - 에고 - 오로지,1.0,False
분기,1,1_로봇_불문율_굿잡_경축,"['로봇', '불문율', '굿잡', '경축', '개미수급', 'flng', '모임', '지수보다', '에고', '오로지']","['커피가 너무', '오로지 개미수급', '조선용 로봇']",로봇 - 불문율 - 굿잡 - 경축 - 개미수급 - flng - 모임 - 지수보다 - 에고 - 오로지,0.9975143630191857,False
환율 원대 가격이 원이,-1,-1_삼성중공업_삼중_폭등_월요일,"['삼성중공업', '삼중', '폭등', '월요일', '연준', '금리', '삼성중', '이젠', '장기간', '삼중아']","['삼성중공업', '삼성중공업 배 폭등 이젠 장기간', '삼성중공업 배 폭등 이젠 장기간 폭']",삼성중공업 - 삼중 - 폭등 - 월요일 - 연준 - 금리 - 삼성중 - 이젠 - 장기간 - 삼중아,0.0,False
삼성중공업,-1,-1_삼성중공업_삼중_폭등_월요일,"['삼성중공업', '삼중', '폭등', '월요일', '연준', '금리', '삼성중', '이젠', '장기간', '삼중아']","['삼성중공업', '삼성중공업 배 폭등 이젠 장기간', '삼성중공업 배 폭등 이젠 장기간 폭']",삼성중공업 - 삼중 - 폭등 - 월요일 - 연준 - 금리 - 삼성중 - 이젠 - 장기간 - 삼중아,0.0,True
펩트론,1,1_로봇_불문율_굿잡_경축,"['로봇', '불문율', '굿잡', '경축', '개미수급', 'flng', '모임', '지수보다', '에고', '오로지']","['커피가 너무', '오로지 개미수급', '조선용 로봇']",로봇 - 불문율 - 굿잡 - 경축 - 개미수급 - flng - 모임 - 지수보다 - 에고 - 오로지,1.0,False
국힘당의 미래,-1,-1_삼성중공업_삼중_폭등_월요일,"['삼성중공업', '삼중', '폭등', '월요일', '연준', '금리', '삼성중', '이젠', '장기간', '삼중아']","['삼성중공업', '삼성중공업 배 폭등 이젠 장기간', '삼성중공업 배 폭등 이젠 장기간 폭']",삼성중공업 - 삼중 - 폭등 - 월요일 - 연준 - 금리 - 삼성중 - 이젠 - 장기간 - 삼중아,0.0,False
이재명 정부 연구개발 R D 예산 대폭 증액,3,3_상승_이재명_공매도_다음주,"['상승', '이재명', '공매도', '다음주', '년월', '개월', '금년', '한율', '대미투자펀드', '따른']","['현정부 혈세로 민노총 전세금 지원', '이재명 정부 연구개발 R D 예산 대폭 증액', '금년 월 환율 상승 지적한 이재명']",상승 - 이재명 - 공매도 - 다음주 - 년월 - 개월 - 금년 - 한율 - 대미투자펀드 - 따른,1.0,True
한국도 미국을 믿을수가 있는가 우크라엔 사실상,-1,-1_삼성중공업_삼중_폭등_월요일,"['삼성중공업', '삼중', '폭등', '월요일', '연준', '금리', '삼성중', '이젠', '장기간', '삼중아']","['삼성중공업', '삼성중공업 배 폭등 이젠 장기간', '삼성중공업 배 폭등 이젠 장기간 폭']",삼성중공업 - 삼중 - 폭등 - 월요일 - 연준 - 금리 - 삼성중 - 이젠 - 장기간 - 삼중아,0.0,False
바보들아,-1,-1_삼성중공업_삼중_폭등_월요일,"['삼성중공업', '삼중', '폭등', '월요일', '연준', '금리', '삼성중', '이젠', '장기간', '삼중아']","['삼성중공업', '삼성중공업 배 폭등 이젠 장기간', '삼성중공업 배 폭등 이젠 장기간 폭']",삼성중공업 - 삼중 - 폭등 - 월요일 - 연준 - 금리 - 삼성중 - 이젠 - 장기간 - 삼중아,0.0,False
한주 고생 많았어요,-1,-1_삼성중공업_삼중_폭등_월요일,"['삼성중공업', '삼중', '폭등', '월요일', '연준', '금리', '삼성중', '이젠', '장기간', '삼중아']","['삼성중공업', '삼성중공업 배 폭등 이젠 장기간', '삼성중공업 배 폭등 이젠 장기간 폭']",삼성중공업 - 삼중 - 폭등 - 월요일 - 연준 - 금리 - 삼성중 - 이젠 - 장기간 - 삼중아,0.0,False
법원 직원들의 평가 꼴찌 조희대 사법부 정의,-1,-1_삼성중공업_삼중_폭등_월요일,"['삼성중공업', '삼중', '폭등', '월요일', '연준', '금리', '삼성중', '이젠', '장기간', '삼중아']","['삼성중공업', '삼성중공업 배 폭등 이젠 장기간', '삼성중공업 배 폭등 이젠 장기간 폭']",삼성중공업 - 삼중 - 폭등 - 월요일 - 연준 - 금리 - 삼성중 - 이젠 - 장기간 - 삼중아,0.0,False
내말,2,2_형아들_완료_간다_드디어,"['형아들', '완료', '간다', '드디어', '다시왔어', '맘대로해라', '뺀다', '빨리들', '내말', '뛰어내림']","['형아들 잘있어', '셋팅 완료', '년보유주식 재배치 완료']",형아들 - 완료 - 간다 - 드디어 - 다시왔어 - 맘대로해라 - 뺀다 - 빨리들 - 내말 - 뛰어내림,1.0,False
역대급 성과 발표에 입가에 미소 보인 안보실장,-1,-1_삼성중공업_삼중_폭등_월요일,"['삼성중공업', '삼중', '폭등', '월요일', '연준', '금리', '삼성중', '이젠', '장기간', '삼중아']","['삼성중공업', '삼성중공업 배 폭등 이젠 장기간', '삼성중공업 배 폭등 이젠 장기간 폭']",삼성중공업 - 삼중 - 폭등 - 월요일 - 연준 - 금리 - 삼성중 - 이젠 - 장기간 - 삼중아,0.0,False
금년 월 환율 상승 지적한 이재명,3,3_상승_이재명_공매도_다음주,"['상승', '이재명', '공매도', '다음주', '년월', '개월', '금년', '한율', '대미투자펀드', '따른']","['현정부 혈세로 민노총 전세금 지원', '이재명 정부 연구개발 R D 예산 대폭 증액', '금년 월 환율 상승 지적한 이재명']",상승 - 이재명 - 공매도 - 다음주 - 년월 - 개월 - 금년 - 한율 - 대미투자펀드 - 따른,1.0,True
환율 공포시작 휘발유 원,0,0_jp모간_마리악마_오늘도_오늘,"['jp모간', '마리악마', '오늘도', '오늘', '신한', '한국', '하한가', '미장', 'p상승', 'per이']","['미장 대폭락 증권사 친구가 알려준 금일 대응', '마리악마 JP모간 노무라 한국 신한 악당늄들', '오늘도 마리악마 JP모간 한국 신한']",jp모간 - 마리악마 - 오늘도 - 오늘 - 신한 - 한국 - 하한가 - 미장 - p상승 - per이,0.8677199770769264,False
빚투 반대매매 속출,3,3_상승_이재명_공매도_다음주,"['상승', '이재명', '공매도', '다음주', '년월', '개월', '금년', '한율', '대미투자펀드', '따른']","['현정부 혈세로 민노총 전세금 지원', '이재명 정부 연구개발 R D 예산 대폭 증액', '금년 월 환율 상승 지적한 이재명']",상승 - 이재명 - 공매도 - 다음주 - 년월 - 개월 - 금년 - 한율 - 대미투자펀드 - 따른,1.0,False
대한민국 돈은 갈데가 없으며 움직이는데 갈대가 없,-1,-1_삼성중공업_삼중_폭등_월요일,"['삼성중공업', '삼중', '폭등', '월요일', '연준', '금리', '삼성중', '이젠', '장기간', '삼중아']","['삼성중공업', '삼성중공업 배 폭등 이젠 장기간', '삼성중공업 배 폭등 이젠 장기간 폭']",삼성중공업 - 삼중 - 폭등 - 월요일 - 연준 - 금리 - 삼성중 - 이젠 - 장기간 - 삼중아,0.0,False
미장 플러스마감 다우운송 급등,-1,-1_삼성중공업_삼중_폭등_월요일,"['삼성중공업', '삼중', '폭등', '월요일', '연준', '금리', '삼성중', '이젠', '장기간', '삼중아']","['삼성중공업', '삼성중공업 배 폭등 이젠 장기간', '삼성중공업 배 폭등 이젠 장기간 폭']",삼성중공업 - 삼중 - 폭등 - 월요일 - 연준 - 금리 - 삼성중 - 이젠 - 장기간 - 삼중아,0.0,False
미장 폭등 연준 금리 인하 기대감에 다우,-1,-1_삼성중공업_삼중_폭등_월요일,"['삼성중공업', '삼중', '폭등', '월요일', '연준', '금리', '삼성중', '이젠', '장기간', '삼중아']","['삼성중공업', '삼성중공업 배 폭등 이젠 장기간', '삼성중공업 배 폭등 이젠 장기간 폭']",삼성중공업 - 삼중 - 폭등 - 월요일 - 연준 - 금리 - 삼성중 - 이젠 - 장기간 - 삼중아,0.0,False
년보유주식 재배치 완료,2,2_형아들_완료_간다_드디어,"['형아들', '완료', '간다', '드디어', '다시왔어', '맘대로해라', '뺀다', '빨리들', '내말', '뛰어내림']","['형아들 잘있어', '셋팅 완료', '년보유주식 재배치 완료']",형아들 - 완료 - 간다 - 드디어 - 다시왔어 - 맘대로해라 - 뺀다 - 빨리들 - 내말 - 뛰어내림,0.852665639470233,True
삼성중공업 다음주가 기대가 됩니다 연준 금리,-1,-1_삼성중공업_삼중_폭등_월요일,"['삼성중공업', '삼중', '폭등', '월요일', '연준', '금리', '삼성중', '이젠', '장기간', '삼중아']","['삼성중공업', '삼성중공업 배 폭등 이젠 장기간', '삼성중공업 배 폭등 이젠 장기간 폭']",삼성중공업 - 삼중 - 폭등 - 월요일 - 연준 - 금리 - 삼성중 - 이젠 - 장기간 - 삼중아,0.0,False
거래량은 속일수가 없다,-1,-1_삼성중공업_삼중_폭등_월요일,"['삼성중공업', '삼중', '폭등', '월요일', '연준', '금리', '삼성중', '이젠', '장기간', '삼중아']","['삼성중공업', '삼성중공업 배 폭등 이젠 장기간', '삼성중공업 배 폭등 이젠 장기간 폭']",삼성중공업 - 삼중 - 폭등 - 월요일 - 연준 - 금리 - 삼성중 - 이젠 - 장기간 - 삼중아,0.0,False
삼성외상촌 회사 PBR 이렇게 저평가 소개,0,0_jp모간_마리악마_오늘도_오늘,"['jp모간', '마리악마', '오늘도', '오늘', '신한', '한국', '하한가', '미장', 'p상승', 'per이']","['미장 대폭락 증권사 친구가 알려준 금일 대응', '마리악마 JP모간 노무라 한국 신한 악당늄들', '오늘도 마리악마 JP모간 한국 신한']",jp모간 - 마리악마 - 오늘도 - 오늘 - 신한 - 한국 - 하한가 - 미장 - p상승 - per이,0.8677199770769264,False
미장 플러스 전환,2,2_형아들_완료_간다_드디어,"['형아들', '완료', '간다', '드디어', '다시왔어', '맘대로해라', '뺀다', '빨리들', '내말', '뛰어내림']","['형아들 잘있어', '셋팅 완료', '년보유주식 재배치 완료']",형아들 - 완료 - 간다 - 드디어 - 다시왔어 - 맘대로해라 - 뺀다 - 빨리들 - 내말 - 뛰어내림,1.0,False
환율피해 국민도 기업도 한숨만,-1,-1_삼성중공업_삼중_폭등_월요일,"['삼성중공업', '삼중', '폭등', '월요일', '연준', '금리', '삼성중', '이젠', '장기간', '삼중아']","['삼성중공업', '삼성중공업 배 폭등 이젠 장기간', '삼성중공업 배 폭등 이젠 장기간 폭']",삼성중공업 - 삼중 - 폭등 - 월요일 - 연준 - 금리 - 삼성중 - 이젠 - 장기간 - 삼중아,0.0,False
삼성중 담주 월요일 원 대폭락 할듯요,-1,-1_삼성중공업_삼중_폭등_월요일,"['삼성중공업', '삼중', '폭등', '월요일', '연준', '금리', '삼성중', '이젠', '장기간', '삼중아']","['삼성중공업', '삼성중공업 배 폭등 이젠 장기간', '삼성중공업 배 폭등 이젠 장기간 폭']",삼성중공업 - 삼중 - 폭등 - 월요일 - 연준 - 금리 - 삼성중 - 이젠 - 장기간 - 삼중아,0.0,False
메이저 증권방송,3,3_상승_이재명_공매도_다음주,"['상승', '이재명', '공매도', '다음주', '년월', '개월', '금년', '한율', '대미투자펀드', '따른']","['현정부 혈세로 민노총 전세금 지원', '이재명 정부 연구개발 R D 예산 대폭 증액', '금년 월 환율 상승 지적한 이재명']",상승 - 이재명 - 공매도 - 다음주 - 년월 - 개월 - 금년 - 한율 - 대미투자펀드 - 따른,1.0,False
조선주 실적,1,1_로봇_불문율_굿잡_경축,"['로봇', '불문율', '굿잡', '경축', '개미수급', 'flng', '모임', '지수보다', '에고', '오로지']","['커피가 너무', '오로지 개미수급', '조선용 로봇']",로봇 - 불문율 - 굿잡 - 경축 - 개미수급 - flng - 모임 - 지수보다 - 에고 - 오로지,1.0,False
년월,3,3_상승_이재명_공매도_다음주,"['상승', '이재명', '공매도', '다음주', '년월', '개월', '금년', '한율', '대미투자펀드', '따른']","['현정부 혈세로 민노총 전세금 지원', '이재명 정부 연구개발 R D 예산 대폭 증액', '금년 월 환율 상승 지적한 이재명']",상승 - 이재명 - 공매도 - 다음주 - 년월 - 개월 - 금년 - 한율 - 대미투자펀드 - 따른,0.8435501432680084,False
남는 장사네,-1,-1_삼성중공업_삼중_폭등_월요일,"['삼성중공업', '삼중', '폭등', '월요일', '연준', '금리', '삼성중', '이젠', '장기간', '삼중아']","['삼성중공업', '삼성중공업 배 폭등 이젠 장기간', '삼성중공업 배 폭등 이젠 장기간 폭']",삼성중공업 - 삼중 - 폭등 - 월요일 - 연준 - 금리 - 삼성중 - 이젠 - 장기간 - 삼중아,0.0,False
환율 기름값 폭등 못살겠다,-1,-1_삼성중공업_삼중_폭등_월요일,"['삼성중공업', '삼중', '폭등', '월요일', '연준', '금리', '삼성중', '이젠', '장기간', '삼중아']","['삼성중공업', '삼성중공업 배 폭등 이젠 장기간', '삼성중공업 배 폭등 이젠 장기간 폭']",삼성중공업 - 삼중 - 폭등 - 월요일 - 연준 - 금리 - 삼성중 - 이젠 - 장기간 - 삼중아,0.0,False
삼중 종토방 특,-1,-1_삼성중공업_삼중_폭등_월요일,"['삼성중공업', '삼중', '폭등', '월요일', '연준', '금리', '삼성중', '이젠', '장기간', '삼중아']","['삼성중공업', '삼성중공업 배 폭등 이젠 장기간', '삼성중공업 배 폭등 이젠 장기간 폭']",삼성중공업 - 삼중 - 폭등 - 월요일 - 연준 - 금리 - 삼성중 - 이젠 - 장기간 - 삼중아,0.0,False
아는 이가 아무도 없나,0,0_jp모간_마리악마_오늘도_오늘,"['jp모간', '마리악마', '오늘도', '오늘', '신한', '한국', '하한가', '미장', 'p상승', 'per이']","['미장 대폭락 증권사 친구가 알려준 금일 대응', '마리악마 JP모간 노무라 한국 신한 악당늄들', '오늘도 마리악마 JP모간 한국 신한']",jp모간 - 마리악마 - 오늘도 - 오늘 - 신한 - 한국 - 하한가 - 미장 - p상승 - per이,0.9186952483057997,False
공매도는 만원위일때 이미다쳤놓음,0,0_jp모간_마리악마_오늘도_오늘,"['jp모간', '마리악마', '오늘도', '오늘', '신한', '한국', '하한가', '미장', 'p상승', 'per이']","['미장 대폭락 증권사 친구가 알려준 금일 대응', '마리악마 JP모간 노무라 한국 신한 악당늄들', '오늘도 마리악마 JP모간 한국 신한']",jp모간 - 마리악마 - 오늘도 - 오늘 - 신한 - 한국 - 하한가 - 미장 - p상승 - per이,0.8677199770769264,False
어쩌나,-1,-1_삼성중공업_삼중_폭등_월요일,"['삼성중공업', '삼중', '폭등', '월요일', '연준', '금리', '삼성중', '이젠', '장기간', '삼중아']","['삼성중공업', '삼성중공업 배 폭등 이젠 장기간', '삼성중공업 배 폭등 이젠 장기간 폭']",삼성중공업 - 삼중 - 폭등 - 월요일 - 연준 - 금리 - 삼성중 - 이젠 - 장기간 - 삼중아,0.0,False
뛰어내림,2,2_형아들_완료_간다_드디어,"['형아들', '완료', '간다', '드디어', '다시왔어', '맘대로해라', '뺀다', '빨리들', '내말', '뛰어내림']","['형아들 잘있어', '셋팅 완료', '년보유주식 재배치 완료']",형아들 - 완료 - 간다 - 드디어 - 다시왔어 - 맘대로해라 - 뺀다 - 빨리들 - 내말 - 뛰어내림,0.9070587453515147,False
이집트 정상회담에서,-1,-1_삼성중공업_삼중_폭등_월요일,"['삼성중공업', '삼중', '폭등', '월요일', '연준', '금리', '삼성중', '이젠', '장기간', '삼중아']","['삼성중공업', '삼성중공업 배 폭등 이젠 장기간', '삼성중공업 배 폭등 이젠 장기간 폭']",삼성중공업 - 삼중 - 폭등 - 월요일 - 연준 - 금리 - 삼성중 - 이젠 - 장기간 - 삼중아,0.0,False
만원 갑니다 년 월 분기 실적발표,3,3_상승_이재명_공매도_다음주,"['상승', '이재명', '공매도', '다음주', '년월', '개월', '금년', '한율', '대미투자펀드', '따른']","['현정부 혈세로 민노총 전세금 지원', '이재명 정부 연구개발 R D 예산 대폭 증액', '금년 월 환율 상승 지적한 이재명']",상승 - 이재명 - 공매도 - 다음주 - 년월 - 개월 - 금년 - 한율 - 대미투자펀드 - 따른,1.0,False
형아뒬 월요일 장초에 살까,-1,-1_삼성중공업_삼중_폭등_월요일,"['삼성중공업', '삼중', '폭등', '월요일', '연준', '금리', '삼성중', '이젠', '장기간', '삼중아']","['삼성중공업', '삼성중공업 배 폭등 이젠 장기간', '삼성중공업 배 폭등 이젠 장기간 폭']",삼성중공업 - 삼중 - 폭등 - 월요일 - 연준 - 금리 - 삼성중 - 이젠 - 장기간 - 삼중아,0.0,False
고점에 물린애들은 어떡하냐,0,0_jp모간_마리악마_오늘도_오늘,"['jp모간', '마리악마', '오늘도', '오늘', '신한', '한국', '하한가', '미장', 'p상승', 'per이']","['미장 대폭락 증권사 친구가 알려준 금일 대응', '마리악마 JP모간 노무라 한국 신한 악당늄들', '오늘도 마리악마 JP모간 한국 신한']",jp모간 - 마리악마 - 오늘도 - 오늘 - 신한 - 한국 - 하한가 - 미장 - p상승 - per이,1.0,False
원화 하락이 불러온 주가하락,-1,-1_삼성중공업_삼중_폭등_월요일,"['삼성중공업', '삼중', '폭등', '월요일', '연준', '금리', '삼성중', '이젠', '장기간', '삼중아']","['삼성중공업', '삼성중공업 배 폭등 이젠 장기간', '삼성중공업 배 폭등 이젠 장기간 폭']",삼성중공업 - 삼중 - 폭등 - 월요일 - 연준 - 금리 - 삼성중 - 이젠 - 장기간 - 삼중아,0.0,False
나스닥,-1,-1_삼성중공업_삼중_폭등_월요일,"['삼성중공업', '삼중', '폭등', '월요일', '연준', '금리', '삼성중', '이젠', '장기간', '삼중아']","['삼성중공업', '삼성중공업 배 폭등 이젠 장기간', '삼성중공업 배 폭등 이젠 장기간 폭']",삼성중공업 - 삼중 - 폭등 - 월요일 - 연준 - 금리 - 삼성중 - 이젠 - 장기간 - 삼중아,0.0,False
무신 수주를 밥먹듯이 뿌리노,0,0_jp모간_마리악마_오늘도_오늘,"['jp모간', '마리악마', '오늘도', '오늘', '신한', '한국', '하한가', '미장', 'p상승', 'per이']","['미장 대폭락 증권사 친구가 알려준 금일 대응', '마리악마 JP모간 노무라 한국 신한 악당늄들', '오늘도 마리악마 JP모간 한국 신한']",jp모간 - 마리악마 - 오늘도 - 오늘 - 신한 - 한국 - 하한가 - 미장 - p상승 - per이,0.8491598957340992,False
중공업 평단천인데,-1,-1_삼성중공업_삼중_폭등_월요일,"['삼성중공업', '삼중', '폭등', '월요일', '연준', '금리', '삼성중', '이젠', '장기간', '삼중아']","['삼성중공업', '삼성중공업 배 폭등 이젠 장기간', '삼성중공업 배 폭등 이젠 장기간 폭']",삼성중공업 - 삼중 - 폭등 - 월요일 - 연준 - 금리 - 삼성중 - 이젠 - 장기간 - 삼중아,0.0,False
중국 때리던 국힘 대사 만나 상호 존중,-1,-1_삼성중공업_삼중_폭등_월요일,"['삼성중공업', '삼중', '폭등', '월요일', '연준', '금리', '삼성중', '이젠', '장기간', '삼중아']","['삼성중공업', '삼성중공업 배 폭등 이젠 장기간', '삼성중공업 배 폭등 이젠 장기간 폭']",삼성중공업 - 삼중 - 폭등 - 월요일 - 연준 - 금리 - 삼성중 - 이젠 - 장기간 - 삼중아,0.0,False
오늘 잘버티었음,0,0_jp모간_마리악마_오늘도_오늘,"['jp모간', '마리악마', '오늘도', '오늘', '신한', '한국', '하한가', '미장', 'p상승', 'per이']","['미장 대폭락 증권사 친구가 알려준 금일 대응', '마리악마 JP모간 노무라 한국 신한 악당늄들', '오늘도 마리악마 JP모간 한국 신한']",jp모간 - 마리악마 - 오늘도 - 오늘 - 신한 - 한국 - 하한가 - 미장 - p상승 - per이,0.8677199770769264,False
한오방 살벌하다,-1,-1_삼성중공업_삼중_폭등_월요일,"['삼성중공업', '삼중', '폭등', '월요일', '연준', '금리', '삼성중', '이젠', '장기간', '삼중아']","['삼성중공업', '삼성중공업 배 폭등 이젠 장기간', '삼성중공업 배 폭등 이젠 장기간 폭']",삼성중공업 - 삼중 - 폭등 - 월요일 - 연준 - 금리 - 삼성중 - 이젠 - 장기간 - 삼중아,0.0,False
지수 진바닥 지나가는데 뭐가 걱정,0,0_jp모간_마리악마_오늘도_오늘,"['jp모간', '마리악마', '오늘도', '오늘', '신한', '한국', '하한가', '미장', 'p상승', 'per이']","['미장 대폭락 증권사 친구가 알려준 금일 대응', '마리악마 JP모간 노무라 한국 신한 악당늄들', '오늘도 마리악마 JP모간 한국 신한']",jp모간 - 마리악마 - 오늘도 - 오늘 - 신한 - 한국 - 하한가 - 미장 - p상승 - per이,0.9319905552094734,False
다음주 월요일 주가 상승,3,3_상승_이재명_공매도_다음주,"['상승', '이재명', '공매도', '다음주', '년월', '개월', '금년', '한율', '대미투자펀드', '따른']","['현정부 혈세로 민노총 전세금 지원', '이재명 정부 연구개발 R D 예산 대폭 증액', '금년 월 환율 상승 지적한 이재명']",상승 - 이재명 - 공매도 - 다음주 - 년월 - 개월 - 금년 - 한율 - 대미투자펀드 - 따른,1.0,False
연일폭락하니까 룸이 생겼나보다,0,0_jp모간_마리악마_오늘도_오늘,"['jp모간', '마리악마', '오늘도', '오늘', '신한', '한국', '하한가', '미장', 'p상승', 'per이']","['미장 대폭락 증권사 친구가 알려준 금일 대응', '마리악마 JP모간 노무라 한국 신한 악당늄들', '오늘도 마리악마 JP모간 한국 신한']",jp모간 - 마리악마 - 오늘도 - 오늘 - 신한 - 한국 - 하한가 - 미장 - p상승 - per이,1.0,False
마지막까지 원 해먹겠다는,-1,-1_삼성중공업_삼중_폭등_월요일,"['삼성중공업', '삼중', '폭등', '월요일', '연준', '금리', '삼성중', '이젠', '장기간', '삼중아']","['삼성중공업', '삼성중공업 배 폭등 이젠 장기간', '삼성중공업 배 폭등 이젠 장기간 폭']",삼성중공업 - 삼중 - 폭등 - 월요일 - 연준 - 금리 - 삼성중 - 이젠 - 장기간 - 삼중아,0.0,False
말 겁나 많네,0,0_jp모간_마리악마_오늘도_오늘,"['jp모간', '마리악마', '오늘도', '오늘', '신한', '한국', '하한가', '미장', 'p상승', 'per이']","['미장 대폭락 증권사 친구가 알려준 금일 대응', '마리악마 JP모간 노무라 한국 신한 악당늄들', '오늘도 마리악마 JP모간 한국 신한']",jp모간 - 마리악마 - 오늘도 - 오늘 - 신한 - 한국 - 하한가 - 미장 - p상승 - per이,0.7946825313252783,False
한국,-1,-1_삼성중공업_삼중_폭등_월요일,"['삼성중공업', '삼중', '폭등', '월요일', '연준', '금리', '삼성중', '이젠', '장기간', '삼중아']","['삼성중공업', '삼성중공업 배 폭등 이젠 장기간', '삼성중공업 배 폭등 이젠 장기간 폭']",삼성중공업 - 삼중 - 폭등 - 월요일 - 연준 - 금리 - 삼성중 - 이젠 - 장기간 - 삼중아,0.0,False
공매니들 오늘은 이겼지만,0,0_jp모간_마리악마_오늘도_오늘,"['jp모간', '마리악마', '오늘도', '오늘', '신한', '한국', '하한가', '미장', 'p상승', 'per이']","['미장 대폭락 증권사 친구가 알려준 금일 대응', '마리악마 JP모간 노무라 한국 신한 악당늄들', '오늘도 마리악마 JP모간 한국 신한']",jp모간 - 마리악마 - 오늘도 - 오늘 - 신한 - 한국 - 하한가 - 미장 - p상승 - per이,0.9498710421703181,False
지수보다 더,1,1_로봇_불문율_굿잡_경축,"['로봇', '불문율', '굿잡', '경축', '개미수급', 'flng', '모임', '지수보다', '에고', '오로지']","['커피가 너무', '오로지 개미수급', '조선용 로봇']",로봇 - 불문율 - 굿잡 - 경축 - 개미수급 - flng - 모임 - 지수보다 - 에고 - 오로지,0.9673769364872207,False
공매도 많이 해먹겠네,0,0_jp모간_마리악마_오늘도_오늘,"['jp모간', '마리악마', '오늘도', '오늘', '신한', '한국', '하한가', '미장', 'p상승', 'per이']","['미장 대폭락 증권사 친구가 알려준 금일 대응', '마리악마 JP모간 노무라 한국 신한 악당늄들', '오늘도 마리악마 JP모간 한국 신한']",jp모간 - 마리악마 - 오늘도 - 오늘 - 신한 - 한국 - 하한가 - 미장 - p상승 - per이,0.8672249960998176,False
오로지 개미수급,1,1_로봇_불문율_굿잡_경축,"['로봇', '불문율', '굿잡', '경축', '개미수급', 'flng', '모임', '지수보다', '에고', '오로지']","['커피가 너무', '오로지 개미수급', '조선용 로봇']",로봇 - 불문율 - 굿잡 - 경축 - 개미수급 - flng - 모임 - 지수보다 - 에고 - 오로지,0.8760788480444126,True
여전히,2,2_형아들_완료_간다_드디어,"['형아들', '완료', '간다', '드디어', '다시왔어', '맘대로해라', '뺀다', '빨리들', '내말', '뛰어내림']","['형아들 잘있어', '셋팅 완료', '년보유주식 재배치 완료']",형아들 - 완료 - 간다 - 드디어 - 다시왔어 - 맘대로해라 - 뺀다 - 빨리들 - 내말 - 뛰어내림,0.8261348141111772,False
이럴때,2,2_형아들_완료_간다_드디어,"['형아들', '완료', '간다', '드디어', '다시왔어', '맘대로해라', '뺀다', '빨리들', '내말', '뛰어내림']","['형아들 잘있어', '셋팅 완료', '년보유주식 재배치 완료']",형아들 - 완료 - 간다 - 드디어 - 다시왔어 - 맘대로해라 - 뺀다 - 빨리들 - 내말 - 뛰어내림,1.0,False
이게 바로 주가조작,-1,-1_삼성중공업_삼중_폭등_월요일,"['삼성중공업', '삼중', '폭등', '월요일', '연준', '금리', '삼성중', '이젠', '장기간', '삼중아']","['삼성중공업', '삼성중공업 배 폭등 이젠 장기간', '삼성중공업 배 폭등 이젠 장기간 폭']",삼성중공업 - 삼중 - 폭등 - 월요일 - 연준 - 금리 - 삼성중 - 이젠 - 장기간 - 삼중아,0.0,False
씨 방어주가 없노,0,0_jp모간_마리악마_오늘도_오늘,"['jp모간', '마리악마', '오늘도', '오늘', '신한', '한국', '하한가', '미장', 'p상승', 'per이']","['미장 대폭락 증권사 친구가 알려준 금일 대응', '마리악마 JP모간 노무라 한국 신한 악당늄들', '오늘도 마리악마 JP모간 한국 신한']",jp모간 - 마리악마 - 오늘도 - 오늘 - 신한 - 한국 - 하한가 - 미장 - p상승 - per이,0.8010537721920222,False
야도 방산 한다고 선언해라 방산이 없으니,0,0_jp모간_마리악마_오늘도_오늘,"['jp모간', '마리악마', '오늘도', '오늘', '신한', '한국', '하한가', '미장', 'p상승', 'per이']","['미장 대폭락 증권사 친구가 알려준 금일 대응', '마리악마 JP모간 노무라 한국 신한 악당늄들', '오늘도 마리악마 JP모간 한국 신한']",jp모간 - 마리악마 - 오늘도 - 오늘 - 신한 - 한국 - 하한가 - 미장 - p상승 - per이,0.8494434018397423,False
마이너스 프로지만,0,0_jp모간_마리악마_오늘도_오늘,"['jp모간', '마리악마', '오늘도', '오늘', '신한', '한국', '하한가', '미장', 'p상승', 'per이']","['미장 대폭락 증권사 친구가 알려준 금일 대응', '마리악마 JP모간 노무라 한국 신한 악당늄들', '오늘도 마리악마 JP모간 한국 신한']",jp모간 - 마리악마 - 오늘도 - 오늘 - 신한 - 한국 - 하한가 - 미장 - p상승 - per이,0.9539521825959514,False
마지막 찬스 올라타자 지금까지 고생 많았어,-1,-1_삼성중공업_삼중_폭등_월요일,"['삼성중공업', '삼중', '폭등', '월요일', '연준', '금리', '삼성중', '이젠', '장기간', '삼중아']","['삼성중공업', '삼성중공업 배 폭등 이젠 장기간', '삼성중공업 배 폭등 이젠 장기간 폭']",삼성중공업 - 삼중 - 폭등 - 월요일 - 연준 - 금리 - 삼성중 - 이젠 - 장기간 - 삼중아,0.0,False
이번 삼성중공업 조정은,-1,-1_삼성중공업_삼중_폭등_월요일,"['삼성중공업', '삼중', '폭등', '월요일', '연준', '금리', '삼성중', '이젠', '장기간', '삼중아']","['삼성중공업', '삼성중공업 배 폭등 이젠 장기간', '삼성중공업 배 폭등 이젠 장기간 폭']",삼성중공업 - 삼중 - 폭등 - 월요일 - 연준 - 금리 - 삼성중 - 이젠 - 장기간 - 삼중아,0.0,False
왜 한오 따라가,0,0_jp모간_마리악마_오늘도_오늘,"['jp모간', '마리악마', '오늘도', '오늘', '신한', '한국', '하한가', '미장', 'p상승', 'per이']","['미장 대폭락 증권사 친구가 알려준 금일 대응', '마리악마 JP모간 노무라 한국 신한 악당늄들', '오늘도 마리악마 JP모간 한국 신한']",jp모간 - 마리악마 - 오늘도 - 오늘 - 신한 - 한국 - 하한가 - 미장 - p상승 - per이,0.8175602102434464,False
아직이네,2,2_형아들_완료_간다_드디어,"['형아들', '완료', '간다', '드디어', '다시왔어', '맘대로해라', '뺀다', '빨리들', '내말', '뛰어내림']","['형아들 잘있어', '셋팅 완료', '년보유주식 재배치 완료']",형아들 - 완료 - 간다 - 드디어 - 다시왔어 - 맘대로해라 - 뺀다 - 빨리들 - 내말 - 뛰어내림,1.0,False
억천만주 X,-1,-1_삼성중공업_삼중_폭등_월요일,"['삼성중공업', '삼중', '폭등', '월요일', '연준', '금리', '삼성중', '이젠', '장기간', '삼중아']","['삼성중공업', '삼성중공업 배 폭등 이젠 장기간', '삼성중공업 배 폭등 이젠 장기간 폭']",삼성중공업 - 삼중 - 폭등 - 월요일 - 연준 - 금리 - 삼성중 - 이젠 - 장기간 - 삼중아,0.0,False
한화오션보다 더 패대기네,0,0_jp모간_마리악마_오늘도_오늘,"['jp모간', '마리악마', '오늘도', '오늘', '신한', '한국', '하한가', '미장', 'p상승', 'per이']","['미장 대폭락 증권사 친구가 알려준 금일 대응', '마리악마 JP모간 노무라 한국 신한 악당늄들', '오늘도 마리악마 JP모간 한국 신한']",jp모간 - 마리악마 - 오늘도 - 오늘 - 신한 - 한국 - 하한가 - 미장 - p상승 - per이,0.9360003914253421,False
공매도 연장 개월,3,3_상승_이재명_공매도_다음주,"['상승', '이재명', '공매도', '다음주', '년월', '개월', '금년', '한율', '대미투자펀드', '따른']","['현정부 혈세로 민노총 전세금 지원', '이재명 정부 연구개발 R D 예산 대폭 증액', '금년 월 환율 상승 지적한 이재명']",상승 - 이재명 - 공매도 - 다음주 - 년월 - 개월 - 금년 - 한율 - 대미투자펀드 - 따른,1.0,False
핵잠 없다고 내리꽂더닝,0,0_jp모간_마리악마_오늘도_오늘,"['jp모간', '마리악마', '오늘도', '오늘', '신한', '한국', '하한가', '미장', 'p상승', 'per이']","['미장 대폭락 증권사 친구가 알려준 금일 대응', '마리악마 JP모간 노무라 한국 신한 악당늄들', '오늘도 마리악마 JP모간 한국 신한']",jp모간 - 마리악마 - 오늘도 - 오늘 - 신한 - 한국 - 하한가 - 미장 - p상승 - per이,0.8589309335162535,False
어제 팔 걸,-1,-1_삼성중공업_삼중_폭등_월요일,"['삼성중공업', '삼중', '폭등', '월요일', '연준', '금리', '삼성중', '이젠', '장기간', '삼중아']","['삼성중공업', '삼성중공업 배 폭등 이젠 장기간', '삼성중공업 배 폭등 이젠 장기간 폭']",삼성중공업 - 삼중 - 폭등 - 월요일 - 연준 - 금리 - 삼성중 - 이젠 - 장기간 - 삼중아,0.0,False
마리악마 JP모간 노무라 한국 신한 악당늄들,0,0_jp모간_마리악마_오늘도_오늘,"['jp모간', '마리악마', '오늘도', '오늘', '신한', '한국', '하한가', '미장', 'p상승', 'per이']","['미장 대폭락 증권사 친구가 알려준 금일 대응', '마리악마 JP모간 노무라 한국 신한 악당늄들', '오늘도 마리악마 JP모간 한국 신한']",jp모간 - 마리악마 - 오늘도 - 오늘 - 신한 - 한국 - 하한가 - 미장 - p상승 - per이,0.7766547667604755,True
수주해도 역시 떨어지니,0,0_jp모간_마리악마_오늘도_오늘,"['jp모간', '마리악마', '오늘도', '오늘', '신한', '한국', '하한가', '미장', 'p상승', 'per이']","['미장 대폭락 증권사 친구가 알려준 금일 대응', '마리악마 JP모간 노무라 한국 신한 악당늄들', '오늘도 마리악마 JP모간 한국 신한']",jp모간 - 마리악마 - 오늘도 - 오늘 - 신한 - 한국 - 하한가 - 미장 - p상승 - per이,0.977789026111962,False
매수 기회로 보고,-1,-1_삼성중공업_삼중_폭등_월요일,"['삼성중공업', '삼중', '폭등', '월요일', '연준', '금리', '삼성중', '이젠', '장기간', '삼중아']","['삼성중공업', '삼성중공업 배 폭등 이젠 장기간', '삼성중공업 배 폭등 이젠 장기간 폭']",삼성중공업 - 삼중 - 폭등 - 월요일 - 연준 - 금리 - 삼성중 - 이젠 - 장기간 - 삼중아,0.0,False
per이 에 가깝네,0,0_jp모간_마리악마_오늘도_오늘,"['jp모간', '마리악마', '오늘도', '오늘', '신한', '한국', '하한가', '미장', 'p상승', 'per이']","['미장 대폭락 증권사 친구가 알려준 금일 대응', '마리악마 JP모간 노무라 한국 신한 악당늄들', '오늘도 마리악마 JP모간 한국 신한']",jp모간 - 마리악마 - 오늘도 - 오늘 - 신한 - 한국 - 하한가 - 미장 - p상승 - per이,0.9561367018709407,False
허매수넹,2,2_형아들_완료_간다_드디어,"['형아들', '완료', '간다', '드디어', '다시왔어', '맘대로해라', '뺀다', '빨리들', '내말', '뛰어내림']","['형아들 잘있어', '셋팅 완료', '년보유주식 재배치 완료']",형아들 - 완료 - 간다 - 드디어 - 다시왔어 - 맘대로해라 - 뺀다 - 빨리들 - 내말 - 뛰어내림,1.0,False
억 미만 개미들은,-1,-1_삼성중공업_삼중_폭등_월요일,"['삼성중공업', '삼중', '폭등', '월요일', '연준', '금리', '삼성중', '이젠', '장기간', '삼중아']","['삼성중공업', '삼성중공업 배 폭등 이젠 장기간', '삼성중공업 배 폭등 이젠 장기간 폭']",삼성중공업 - 삼중 - 폭등 - 월요일 - 연준 - 금리 - 삼성중 - 이젠 - 장기간 - 삼중아,0.0,False
조선주 거제 인원이 옛 모습을 찻았,-1,-1_삼성중공업_삼중_폭등_월요일,"['삼성중공업', '삼중', '폭등', '월요일', '연준', '금리', '삼성중', '이젠', '장기간', '삼중아']","['삼성중공업', '삼성중공업 배 폭등 이젠 장기간', '삼성중공업 배 폭등 이젠 장기간 폭']",삼성중공업 - 삼중 - 폭등 - 월요일 - 연준 - 금리 - 삼성중 - 이젠 - 장기간 - 삼중아,0.0,False
삼성중공업은 단타 공매도 맛집 인증,-1,-1_삼성중공업_삼중_폭등_월요일,"['삼성중공업', '삼중', '폭등', '월요일', '연준', '금리', '삼성중', '이젠', '장기간', '삼중아']","['삼성중공업', '삼성중공업 배 폭등 이젠 장기간', '삼성중공업 배 폭등 이젠 장기간 폭']",삼성중공업 - 삼중 - 폭등 - 월요일 - 연준 - 금리 - 삼성중 - 이젠 - 장기간 - 삼중아,0.0,False
수주,1,1_로봇_불문율_굿잡_경축,"['로봇', '불문율', '굿잡', '경축', '개미수급', 'flng', '모임', '지수보다', '에고', '오로지']","['커피가 너무', '오로지 개미수급', '조선용 로봇']",로봇 - 불문율 - 굿잡 - 경축 - 개미수급 - flng - 모임 - 지수보다 - 에고 - 오로지,1.0,False
커피가 너무,1,1_로봇_불문율_굿잡_경축,"['로봇', '불문율', '굿잡', '경축', '개미수급', 'flng', '모임', '지수보다', '에고', '오로지']","['커피가 너무', '오로지 개미수급', '조선용 로봇']",로봇 - 불문율 - 굿잡 - 경축 - 개미수급 - flng - 모임 - 지수보다 - 에고 - 오로지,0.8546363647747643,True
신조선가 우려는 고환율로 인해,-1,-1_삼성중공업_삼중_폭등_월요일,"['삼성중공업', '삼중', '폭등', '월요일', '연준', '금리', '삼성중', '이젠', '장기간', '삼중아']","['삼성중공업', '삼성중공업 배 폭등 이젠 장기간', '삼성중공업 배 폭등 이젠 장기간 폭']",삼성중공업 - 삼중 - 폭등 - 월요일 - 연준 - 금리 - 삼성중 - 이젠 - 장기간 - 삼중아,0.0,False
형이 답지준다,0,0_jp모간_마리악마_오늘도_오늘,"['jp모간', '마리악마', '오늘도', '오늘', '신한', '한국', '하한가', '미장', 'p상승', 'per이']","['미장 대폭락 증권사 친구가 알려준 금일 대응', '마리악마 JP모간 노무라 한국 신한 악당늄들', '오늘도 마리악마 JP모간 한국 신한']",jp모간 - 마리악마 - 오늘도 - 오늘 - 신한 - 한국 - 하한가 - 미장 - p상승 - per이,0.9422479349028655,False
많이,1,1_로봇_불문율_굿잡_경축,"['로봇', '불문율', '굿잡', '경축', '개미수급', 'flng', '모임', '지수보다', '에고', '오로지']","['커피가 너무', '오로지 개미수급', '조선용 로봇']",로봇 - 불문율 - 굿잡 - 경축 - 개미수급 - flng - 모임 - 지수보다 - 에고 - 오로지,0.8714482507644112,False
개미랑 외쿡만 터는구나,0,0_jp모간_마리악마_오늘도_오늘,"['jp모간', '마리악마', '오늘도', '오늘', '신한', '한국', '하한가', '미장', 'p상승', 'per이']","['미장 대폭락 증권사 친구가 알려준 금일 대응', '마리악마 JP모간 노무라 한국 신한 악당늄들', '오늘도 마리악마 JP모간 한국 신한']",jp모간 - 마리악마 - 오늘도 - 오늘 - 신한 - 한국 - 하한가 - 미장 - p상승 - per이,0.8141033689593382,False
오늘도 마리악마 JP모간 한국 신한,0,0_jp모간_마리악마_오늘도_오늘,"['jp모간', '마리악마', '오늘도', '오늘', '신한', '한국', '하한가', '미장', 'p상승', 'per이']","['미장 대폭락 증권사 친구가 알려준 금일 대응', '마리악마 JP모간 노무라 한국 신한 악당늄들', '오늘도 마리악마 JP모간 한국 신한']",jp모간 - 마리악마 - 오늘도 - 오늘 - 신한 - 한국 - 하한가 - 미장 - p상승 - per이,0.8542696325564305,True
셋팅 완료,2,2_형아들_완료_간다_드디어,"['형아들', '완료', '간다', '드디어', '다시왔어', '맘대로해라', '뺀다', '빨리들', '내말', '뛰어내림']","['형아들 잘있어', '셋팅 완료', '년보유주식 재배치 완료']",형아들 - 완료 - 간다 - 드디어 - 다시왔어 - 맘대로해라 - 뺀다 - 빨리들 - 내말 - 뛰어내림,0.901510292756967,True
단타 신용 죽겠지,0,0_jp모간_마리악마_오늘도_오늘,"['jp모간', '마리악마', '오늘도', '오늘', '신한', '한국', '하한가', '미장', 'p상승', 'per이']","['미장 대폭락 증권사 친구가 알려준 금일 대응', '마리악마 JP모간 노무라 한국 신한 악당늄들', '오늘도 마리악마 JP모간 한국 신한']",jp모간 - 마리악마 - 오늘도 - 오늘 - 신한 - 한국 - 하한가 - 미장 - p상승 - per이,0.8099122612681329,False
조선용 로봇,1,1_로봇_불문율_굿잡_경축,"['로봇', '불문율', '굿잡', '경축', '개미수급', 'flng', '모임', '지수보다', '에고', '오로지']","['커피가 너무', '오로지 개미수급', '조선용 로봇']",로봇 - 불문율 - 굿잡 - 경축 - 개미수급 - flng - 모임 - 지수보다 - 에고 - 오로지,0.9718958856012057,True
조 수주내놓고 오를떈 못가고,0,0_jp모간_마리악마_오늘도_오늘,"['jp모간', '마리악마', '오늘도', '오늘', '신한', '한국', '하한가', '미장', 'p상승', 'per이']","['미장 대폭락 증권사 친구가 알려준 금일 대응', '마리악마 JP모간 노무라 한국 신한 악당늄들', '오늘도 마리악마 JP모간 한국 신한']",jp모간 - 마리악마 - 오늘도 - 오늘 - 신한 - 한국 - 하한가 - 미장 - p상승 - per이,0.9754059529160672,False
넌 왜 지수따라가냐,0,0_jp모간_마리악마_오늘도_오늘,"['jp모간', '마리악마', '오늘도', '오늘', '신한', '한국', '하한가', '미장', 'p상승', 'per이']","['미장 대폭락 증권사 친구가 알려준 금일 대응', '마리악마 JP모간 노무라 한국 신한 악당늄들', '오늘도 마리악마 JP모간 한국 신한']",jp모간 - 마리악마 - 오늘도 - 오늘 - 신한 - 한국 - 하한가 - 미장 - p상승 - per이,0.8589309335162535,False
대주주 되겠다,0,0_jp모간_마리악마_오늘도_오늘,"['jp모간', '마리악마', '오늘도', '오늘', '신한', '한국', '하한가', '미장', 'p상승', 'per이']","['미장 대폭락 증권사 친구가 알려준 금일 대응', '마리악마 JP모간 노무라 한국 신한 악당늄들', '오늘도 마리악마 JP모간 한국 신한']",jp모간 - 마리악마 - 오늘도 - 오늘 - 신한 - 한국 - 하한가 - 미장 - p상승 - per이,0.7464272909678978,False
상무부 대표단 상선 건조 협력까지 논,0,0_jp모간_마리악마_오늘도_오늘,"['jp모간', '마리악마', '오늘도', '오늘', '신한', '한국', '하한가', '미장', 'p상승', 'per이']","['미장 대폭락 증권사 친구가 알려준 금일 대응', '마리악마 JP모간 노무라 한국 신한 악당늄들', '오늘도 마리악마 JP모간 한국 신한']",jp모간 - 마리악마 - 오늘도 - 오늘 - 신한 - 한국 - 하한가 - 미장 - p상승 - per이,0.8677199770769264,False
지금은 매수싯점이 맞음,-1,-1_삼성중공업_삼중_폭등_월요일,"['삼성중공업', '삼중', '폭등', '월요일', '연준', '금리', '삼성중', '이젠', '장기간', '삼중아']","['삼성중공업', '삼성중공업 배 폭등 이젠 장기간', '삼성중공업 배 폭등 이젠 장기간 폭']",삼성중공업 - 삼중 - 폭등 - 월요일 - 연준 - 금리 - 삼성중 - 이젠 - 장기간 - 삼중아,0.0,False
