종목명,제목_전처리,label
한화시스템,오늘 튀르키예에서 방산관련 좋은 소식좀 들려오길,0
HD현대마린솔루션,외인 드응 시야 엑싯할라면 언넝쳐올려,1
한진칼,수능일 기념,0
삼성증권,담달 안정적으로 배당받겠네,1
KT,바꿔 바꿔,0
HD한국조선해양,오 이래,0
우리금융지주,거래량의 가 프로그램 매수인데,1
LG전자,절대로 매수금지 쓰레기잡주는 LG전자,0
HD현대중공업,안정적인 흐름으로 매우 견조한 모습,1
LG이노텍,외국인들이,0
신한지주,미 금리인상 횡재한 은행,1
두산,내일 종가는,0
삼성바이오로직스,배정수,0
DB손해보험,오너일가가 반드시 필독해야 하는데 부처님,1
두산에너빌리티,종가 장난질좀 하지마라 놈들아,1
현대건설,두산에너빌리티 현대건설 순금,1
카카오페이,딱보니까 상한가칠듯,1
현대로템,시장덕에 헐값에 주음,1
LG유플러스,현재 유플 상황,0
엘앤에프,아직 손절 안하셨나요,0
효성중공업,월 주가 대비 상승 기간조정 주,1
CJ,빛이 나네 빛이 나,0
효성중공업,투경해지일,0
SK바이오사이언스,바사는 하락시 일 연속이 기본이였는데,0
DB손해보험,배당금 재투자,0
고려아연,아까 빨간불들어올때 다 던졌네,1
삼성에스디에스,왜 떨어짐 대체,0
LS,보나안보나 뻔하다 호반 오래지않아 지분 크게,1
하이브,하이브아메리카 첫번째 보이그룹,1
삼성물산,삼성외삼촌 회사 PBR 이렇게 저평가,1
KB금융,외인땜에 많이 못가네,1
고려아연,와 이건 진짜 전쟁이네,1
넷마블,잘있어라 넷마블 담에보자,1
SKC,만까지 가겠다 나야뭐,1
메리츠금융지주,시 시까디,0
삼성화재,오늘도 들고있는것중에 이 그지같은것만 파란불,1
아모레퍼시픽,학 씨,0
크래프톤,너무하네,0
NH투자증권,지수는,0
한화오션,월요일 신용미수 쏟아내것넹,1
삼성카드,배당락 시급하게 매도,1
효성중공업,줍줍 미쳤네,0
SK,배당소득분리과세 월,1
LG,빨간불에도 성질나게 하는 재주가있다,1
삼성카드,배당락도 있지만,0
셀트리온,공견들 불법자전질로 허구헌날 쳐 눌러도 느리지,1
삼성물산,비나이다비나이다,1
삼성중공업,미장 폭등 연준 금리 인하 기대감에 다우,1
LG,LG는 AI칩 필요없냐,1
SK하이닉스,비쌀때,0
두산에너빌리티,지지선 붕괴,0
LG전자,빨리 매도해라 어째도 만전자 된다,1
카카오페이,스때불코인,0
삼성중공업,중국 때리던 국힘 대사 만나 상호 존중,1
HD현대마린솔루션,지금부터 종일 자전돌린다,1
한화오션,아휴,0
아모레퍼시픽,뉴욕증시 기술주 특히 반도체 폭락주도,0
한국전력,큰일났다 진짜,0
한미약품,전강후약,0
LG에너지솔루션,반도체가 죽어야 차전지가 살아남,1
하이브,살리고 살리고,0
하나금융지주,신한 창구 저것들은,1
미래에셋증권,결론은,0
JB금융지주,왜이리 조용한가,0
삼성전기,부들부들,0
LIG넥스원,난 내림,0
대한전선,내가 그렇게 팔라고 했건만,1
현대글로비스,의선행님 넘하네,0
효성중공업,AI 요약 효성이 투자경고종목으로 지정되었,1
셀트리온,에라이,0
유한양행,암공장아,0
KB금융,기관 대 외인 베팅 재밌네,1
포스코퓨처엠,미쿡 월가넘들,0
에이피알,내일은,0
LG전자,구광모와 조주완 두분 건강을 기원합니다,1
두산,대한이가 항공주에서 방산주로 변모,1
한화솔루션,년 만 넘겠다,0
한화,한화 UAE 에지 두바이 에어쇼서 방산 협력,1
한국항공우주,KF UAE 와 공동지분,1
신한지주,신한은,0
기아,정의선 올해 수익,1
SK텔레콤,kodex이나 사야겠다,1
SK텔레콤,나는,0
삼양식품,결국,0
삼성물산,너의,0
기업은행,김성태 사퇴해라,0
삼양식품,와 이놈들봐라,0
LG생활건강,느껴지나요 넘들 어디있니 많이 느끼고 있,1
포스코퓨처엠,만 만 요사이에서 봐라더라,1
삼성중공업,년월,0
대한전선,신용 죽었다고 복창해라 지옥구경하는 거야,0
삼성전기,외넘들이,0
두산에너빌리티,다시 힘을 모아가는 형국입니다 난 너를 믿,1
두산,고환율에 직격탄 정유 항공 철강 면세,1
현대로템,매번,0
HMM,다른 주식 다 올랐는데 유일하게 하락한,0
아모레퍼시픽,중일갈등심화로 일본행이 정도 여행취소했,1
신한지주,신한 이것들,0
HD현대마린솔루션,작전치는 동물들,0
대한전선,Cb물량 천만주 카운트다운에 리픽싱도 걸려있네,0
HD현대중공업,이익은 HD한국조선해양이 배더나는데 현중만,1
기업은행,개꿀 수익율 프로,1
기아,그놈의 슝계슝계슝계,1
카카오,역시 하방,0
포스코퓨처엠,상승 추세로 돌려면,1
한국금융지주,설겆이 기똥차게 하는구만,1
메리츠금융지주,주주환원 정책에 기초한 적정주가 산출,1
한미약품,프리장에서 원하는 목표수량 채웠슴닷,1
현대로템,장동혁 환율 원대 눈앞,1
HMM,장마감 외인 기관 프로그램 매도,1
현대차,적자나는 SDI들고서 좋다고 하면서 조,1
HMM,종가 확 떨구네,0
LG이노텍,코스피차트랑,0
JB금융지주,배당금 만원,0
삼양식품,농심이 악덕기업 삼양이 착한기업 포장되서,1
삼성에스디에스,주봉이 딱 쌍봉 만들 사이즈데,1
한화시스템,방산주 오를 때는,0
현대차,코스피 상승에,1
KB금융,Kb는 외인지분이 많아서 그런가,1
메리츠금융지주,스테이블코인,0
삼성SDI,만 온다니까,0
LG생활건강,얘덜아,0
한진칼,기타법인 매수,0
기업은행,국가 백년대계를 다시 짤 새로운 지도자 필요,1
한국항공우주,중국 식사 음식 vs 미국 식사 음식,1
DB손해보험,이거,0
메리츠금융지주,BNK금융지주 말고 시디즈 상갈듯,1
메리츠금융지주,빈대인은 사퇴해라,1
카카오뱅크,슬슬매도다,0
대한전선,별로 올리기 싫은가보다,1
삼성SDI,개미 매수면 주가 무조건 하락,0
한미반도체,월은 푸르구나,0
LIG넥스원,qqpp 일마 뭐냐,1
SK바이오사이언스,어제 저점 싸다고 말씀 드렸습니다,1
신한지주,다른 금융지주 보다 안오르는 이유가 뭔가,1
고려아연,수급동향,0
SK하이닉스,전형적인 계단식 하락,0
한미반도체,혹시나해서 기웃,0
한화시스템,욕나온다,0
포스코인터내셔널,넌 재건주 아니냐,0
삼성증권,와 안하노,0
LG유플러스,AI 요약 LG유플러스 주요 경영현황 설명,1
포스코인터내셔널,통정거래 끝났나,0
코웨이,간만에 들렸습니다 요즘 lhw는 뭐랍니까,1
한화에어로스페이스,헐 포기하고,0
SK텔레콤,역시 그동안 외국인들이 매집한 이유가,1
HD한국조선해양,정부 소액 장기투자자 인센티브 방안 마련,1
LG유플러스,배명이,0
삼성전기,주가가 왜 이리 버티는지 아나요 주게에 씨렉,1
KT,어제 KT 스마트폰 단말기 문자 암호화,1
한국타이어앤테크놀로지,역시 내가 사면,0
카카오뱅크,카뱅 원 들어 왔습니다,1
LG에너지솔루션,차전지 섹터 전체가 빠지는데,1
삼성전자,삼성주식에서,0
삼성생명,삼성 지주사 삼성물산vs삼성생명,1
LG에너지솔루션,화재폭발없는 전기차배터리 개발하면 노벨상에,1
기업은행,년 순이익 조 예상하면,1
LG,만원 터치각이네,0
SK,sk 주가가 못가는 이유는,1
SKC,공매견들,0
엔씨소프트,으이그 쫑 났다 도망자가 승리자,1
한화,상폐해라 있으나마나 하다,1
LG디스플레이,야 디플아 정신차려 너는 뭐 내려갈땐,1
SK텔레콤,참 무겁구먼,0
미래에셋증권,미래,0
삼성카드,조만간 폭락이다 튀어라,0
HD현대일렉트릭,회사 오너가,0
아모레퍼시픽,오늘,0
한국타이어앤테크놀로지,숏커버링 붙으면 만은 무난할것 같은데,1
오리온,주가란,0
대한전선,돈이 없는게,0
현대로템,최근에 들어왔는데,1
삼성물산,뉴스 뜨면 팔아야,0
삼성물산,공견 특징 척 하기,0
유한양행,패턴 이제 다 알아버렸네,1
한미약품,안티들,0
카카오,하루종일 애무만 한다,1
현대차,환율 오르는데 주식이 왜 떨어지지,0
효성중공업,넥스트에서 이렇게 올라버리면,1
LG화학,어찌 석일만 방송 하면 급락 하지,0
삼양식품,조심들해라,0
CJ,오른 놈들 빠지는 거야,1
S-Oil,인내는 쓰다,0
SK텔레콤,오늘 내일도 하한가 주가폭락시작,0
카카오뱅크,죄송하지만 지금은 매도할 타이밍입니다 공매,1
넷마블,떨어질때 조금 떨어져서 희망주고,1
현대로템,고점대비 하락,0
삼성E&A,이좋은장에,0
LG이노텍,기어이,0
한진칼,개잡주는,0
HD한국조선해양,단독 원잠 건조 년 걸린다는데 소형 원,1
아모레퍼시픽,코스맥스 에이피알 똥이나 딱아라,1
현대건설,위 대한 죄맹이,0
한진칼,호반아 본전 생각나지,1
HD현대마린솔루션,낼은 초급등물탈놈들은,1
HD현대미포,진지하게묻습니다,1
유한양행,분명 세력이 있다,0
삼성중공업,삼성외상촌 회사 PBR 이렇게 저평가 소개,1
HD현대미포,얘 라시아 공장 있 않나,1
삼성바이오로직스,종이 장사 잘하네,0
삼성전기,신한이,0
삼성중공업,환율 원대 가격이 원이,1
기아,배당금에 손대지마라,1
포스코인터내셔널,아무리 기회가 와도,1
HD현대미포,이거오늘 얼마예상하노,1
엔씨소프트,모바일 버전의 완성도가 정말이지,1
LS ELECTRIC,주문실수,0
우리금융지주,징하게 빠진다,0
삼성생명,바닥이 어딘가요,0
SKC,글라스기판은 고객사 인증 프로세스를 시작,1
기아,코스피,0
한국전력,외인들의막무가내식 팔자 여긴 대한민,1
삼성E&A,증권사 목표가격 개소리,1
HD현대마린솔루션,설마 여기서 끝은 아니겠지,1
기아,무슨 시튜에이션이냐,1
한미반도체,거정 조심해야지,0
현대차,요즘,0
포스코인터내셔널,재건주라고 우리가 아무리 엮어봐야,1
우리금융지주,대금융 이익 ROE 비교 년,1
LS ELECTRIC,써글,0
S-Oil,대세 상승이다,1
JB금융지주,만천원 매수로 상향 한화투자,1
삼성증권,오늘 장초 에 담았습니다,1
현대모비스,내가 보기엔,0
두산밥캣,와 무슨 꿍꿍일까,0
LG화학,낄낄,0
DB손해보험,안녕하세요 주린이입니다,1
LG이노텍,분기부터 실적 대박,1
한화솔루션,또 빠져서 시작,0
아모레퍼시픽,게시판 너무 웃기다,1
삼성물산,외인은 웃고있다,0
현대차,오늘 는 깔고 가겠네요,1
넷마블,신한 저것들,0
SK바이오팜,에효 개미들 진짜,0
삼성생명,내가 사면 떨어져,0
LG에너지솔루션,데이터센터의 매출이 폭등한거네요,1
SK,소외된기분,0
한화시스템,한시 단타 칠때는 좋았지,1
삼성화재,삼성,0
LG,사람보다 AI학습에 투자하는 게 나,1
POSCO홀딩스,거래량 바닥이구나,1
LS,자사주 소각요청,0
삼성카드,헐 드디어 꼬라박나,1
CJ,새로운 리서치가 있어요,1
한화시스템,지금 나가면 익절,0
엔씨소프트,오늘 live방송하고 내일 시초가,1
기업은행,국개 sk들아 어르신들은 분노한다,1
현대차,이야 대단,0
KB금융,마감 동시호가에 개미 호가 장난질로,1
대한전선,너무 빠지네,0
SK,대겹 오너중에,0
삼성중공업,이번 삼성중공업 조정은,1
엔씨소프트,사실무근,0
LG,구광모 왕따라는거 모르는 사람 없지,1
LS,전량 매수,0
두산,오늘 가나요,0
현대모비스,야 팩트시트까지 나옷 상황에서,1
기업은행,현시점 배당주로서의 기업은행의 매력,1
SK,년전,0
현대건설,쿤 SB 럼,0
삼성전자,다 토해내면 뭐묵고 사냐,1
현대차,동시호가 보믄,0
한국금융지주,만원 내일이라도 넘을듯,1
한진칼,프매로 쏟아붓네,0
현대로템,번 경험,0
카카오뱅크,최소 만원은 되야,0
포스코퓨처엠,내릴땐 삼성하이닉이 끌고내려오더니,1
크래프톤,오른것도읍는디 죽쓰것네,1
에이피알,오늘 밑으로 짝짝 갑니다,1
효성중공업,NXT 재입성,0
KT,이거뭐냐,0
삼성물산,악을 쓰는구나,0
HD현대중공업,월에 현미 식구들 현중에 뭉치면 파워가 더,1
SK바이오사이언스,원까진,0
삼성중공업,원 까지 갑니다,0
LG에너지솔루션,끝인가요,0
삼성생명,장 요약 배당소득 분리과세 금융,1
크래프톤,여기도 공개매수 들어와라,1
메리츠금융지주,입성 신고,0
S-Oil,애프터에 누가 억을 시장가로 던졌는데,1
셀트리온,신한 모간 프매,0
HD현대일렉트릭,스몰캡 개잡주에서 고생도많다,0
LG에너지솔루션,차전지도 화학처럼 케파를 줄여야,1
삼성전자,개관들 국민연금털어서 방어하냐 미쳤네,0
SK바이오사이언스,다시 재자리 인가,0
HD현대일렉트릭,자사주소각하고 시중에 풀린건 매입해,1
한화에어로스페이스,내일은 누리호건으로 뻘개지는 날이다,1
미래에셋증권,기가찬다,0
HD현대중공업,AI 요약 에이치디현대중공업 주 이 컨테이,1
크래프톤,돈이 많으면 뭐하냐,1
하이브,어도어가 하는 게,0
S-Oil,자 다시 봐야하나,0
엘앤에프,말은 바로 해야죠 개잡주로 돌아간게 아니라,0
HD현대마린솔루션,프로그램매도는,0
GS,분리과세 법안만 배당주기전에 통과하면,1
한국전력,아무리눌러도 롱숏물량따위론 어림없지,1
아모레퍼시픽,심상치 않네 위태위태 합니다,1
SKC,개월 장난하냐,0
하이브,엔씨 폭락하는거 보니 주식이 정말 무섭군,0
LG,두산 만원 증권 목표가 만,1
현대모비스,셀트리온 기사 한줄로 양일간 프로 상승,1
삼성생명,물타고 물타고 오늘의 평단,1
한화,전약후강이면,0
HD현대미포,여기도 로봇회사,0
한미약품,진짜 약한 종목이네 제약 바이오의 끄트머리주,1
LG생활건강,구조조정,0
키움증권,키움증권고객센터전화해서 상담원연결기다리는데,0
효성중공업,흐름을보니,0
메리츠금융지주,실적이 대단한가 보네,1
삼양식품,억지로 못올리게 하는거봐라,1
기아,여기서 공매타령,0
현대모비스,모비스,0
하이브,분위기가,0
한화오션,개미들 폭풍매수 끝났네,1
삼성E&A,삼엔은 삼성물산,0
현대차,이개쟙주살시간에,1
한국전력,짱깨산 CCTV,0
한국항공우주,난 오늘 추매,0
S-Oil,지금 수급,0
포스코퓨처엠,떨어지는 것은 날개가 없다,0
현대건설,아 뭐 니들 꼴리는 대로 혀라,1
두산밥캣,이상 하락했어요,0
코웨이,코웨이 보다 시디즈 무증발표,1
유한양행,유한양행은 좋습니다 오늘도 우상향,1
신한지주,신한지주 묻지마 매수 할 것,1
엘앤에프,Ai로 인해 해고 급증 금리 내려 봤자 물가만,1
LG화학,쌍봉 하락에 거래일 연속 개미만 사는중,0
현대건설,대체 얘네는 멋짓인지,1
LG화학,오늘 공매도,0
SK텔레콤,Skt는 해킹 먼저 처맞어,1
GS,실적 대박났는데 주가 만원 올려놓자,1
삼성중공업,지들만 팔고 사고하네,1
GS,선방중,0
카카오뱅크,시간투자 분할매수,1
LG생활건강,속보 중국이 일본 화장품에 대한 수,1
한국전력,버겁다,0
GS,만에 들어갔더니 실적 박살나고 까지,1
한진칼,드만이형님 가즈아,1
현대건설,연기금,0
LG화학,넘 심하게 빼네,0
한화에어로스페이스,안가면 쥬긴다,0
KB금융,배당락일 언제인가요,1
한화오션,총공격,0
현대모비스,내가 팔면 오를거 같아서 못 팔겠네,1
한국타이어앤테크놀로지,운이 좋아서 수익율이 좋으나 아,1
크래프톤,이런 개잡주는 처음보네,0
오리온,이게 퇴출 될 종목이 아닌데,1
하나금융지주,이대로 끝난다면,0
LG화학,부도 상폐 기원,0
삼성바이오로직스,삼바가격은 왜이렇고 에피스는 뭐에요,1
기아,외국인 순매도 몫은 항상 기아다,1
JB금융지주,저도 입성했습니다,1
HD현대마린솔루션,내본전원,0
LS,Hierarchy 보아라 댓글 글자제한 때문에,0
한국전력,이창용이 범인이다,1
두산에너빌리티,잠시후면 백만주 돌파,1
LS,지능이 모지라면,0
현대로템,이거,0
삼성중공업,조심들 하세요,0
LS ELECTRIC,투경맞고,0
삼성에스디에스,만원 위에서 팔아도,1
우리금융지주,세대는 이재명정부 정책에 분노한다,1
현대모비스,관세 대납은 배임 아님,1
미래에셋증권,금요일에 사서 화요일에 팔아라 증시 수익률,1
현대차,연말부터 자사주매입 한다하니 기대하자,1
LG유플러스,지난주 통화 내용 기억 안 나,1
한화,허허 줄을 서시요,0
KT&G,아쉽네 수급이 상법개정 버프 내일 터지려나,1
삼양식품,미국,0
S-Oil,큰형님 sk이노도 좀 도와주쇼,1
한국전력,매수하지말라고,0
삼성전기,전기야 부럽다,0
LG화학,탈출은지능순 붕괴,1
삼성물산,머리아프네,0
KT,Kt,0
삼성E&A,원 오냐,0
신한지주,원에 꽉 막고 버티네 공매도 외인,1
하이브,내년분기 까지,0
고려아연,니맘대로,0
넷마블,다작의 허실,0
포스코퓨처엠,금일장 후기,0
LG전자,구광모 조주완이 있는 한 엘전은 답이,1
하이브,어느 해린이 팬의 일침,1
한국금융지주,여기도,0
LS ELECTRIC,장마감 종가배팅,0
두산,심각하네 어제 오늘 관련주들은 오르,1
LG,오후 연기금 들어 오네,1
아모레퍼시픽,너네,0
한국금융지주,실적은 한금지가최고고 미래는 망했는데,1
S-Oil,유가가,0
에이피알,오 Q 실적,0
오리온,여전히 하락추세중인데 왜캐 기뻐하냐,0
한진칼,시부터 골드만 형님,1
LG생활건강,이선주도 가망 없다,1
카카오페이,곡소리가 아직도 안나네,1
한화오션,조금이라도 쳐먹으면,1
JB금융지주,읽어보세요,0
엘앤에프,연기금 매도시작,0
SK바이오사이언스,진짜 애증한다 바사야,1
포스코인터내셔널,진짜 이재명과 민주당 뭐하냐,1
포스코퓨처엠,메르치가 오늘 열일한다,1
삼성증권,월배당금 최하원 원,1
삼성화재,일희일비할필요가 없는 금융주에,1
HD한국조선해양,두산 오른거에 비하면 아찍 초입 단계네,1
신한지주,미 고금리에 횡재한 으냉 상투,1
효성중공업,경고해제,0
LS,오늘 기업설명회,0
DB손해보험,자사주 소각으로 만원됩니다,1
한화,주식시장 거의 끝났다는 모르시나지금은,0
삼성SDI,이상해요,0
신한지주,천하무적 신한지주,1
두산에너빌리티,외인이 프로그램으로 마구 던지네,1
미래에셋증권,공매도세력들,0
SK하이닉스,개미들 씨를말리는고만,1
LIG넥스원,주식투자 년 밖에 안되어 잘모르지만,1
우리금융지주,찍어 눌러서,0
고려아연,넬 반등 신호가 보인다,1
기업은행,언말 최고의 배당율,1
삼성증권,삼성증권 통화 연결방법,1
유한양행,욱제,0
유한양행,욕도 아깝다 무능 극치 조욱제 도그 nom 아,1
하나금융지주,한은 금리 인상해야 한다고 상한가,1
삼성생명,뭔일이래,0
LG전자,삼성전자 구독하자 광모야 주완아,1
한국타이어앤테크놀로지,웃기는군,0
SKC,슬슬,0
기업은행,발기부전,0
삼성E&A,아 진짜,0
에이피알,토탈이,0
한국타이어앤테크놀로지,지금 나오세요,0
카카오페이,여기있는 희망회로 돌리는 멍청개미말,1
POSCO홀딩스,신한 이,0
SK하이닉스,빚투 신용 조 증가,0
기아,영양가없는 짓거리,1
GS,GS칼텍스매출,0
셀트리온,셀트리온은,0
SK바이오사이언스,지하실,0
HD한국조선해양,AI 요약 HD현대 년 분기 실,1
엘앤에프,연기금이 조금만 매도로 돌아서도 이 지경으로,1
HD현대일렉트릭,회사에 전화해봐,0
신한지주,공매도 잘해서 수익 잘내고 오늘도 공,1
삼성화재,이제는 삼성화재에 보험 안든다,1
카카오페이,머허냐,0
현대모비스,볼밴이 좁아지다 못해,1
엘앤에프,추매했다,0
GS,만원 쉽게 가겠네요,1
SKC,개미가 사랑하는 주식 위,1
미래에셋증권,이제 시작입니다,0
삼성전자,삼전 하닉 떼돈 버는데 달러 환전 좀 해,1
LG생활건강,야금 야금,0
포스코인터내셔널,수익 내고 싶어,1
LG에너지솔루션,아 층있어요,0
키움증권,미래에세보다 실적 배 시총은 절반,1
삼성증권,상법개정수혜주,0
NH투자증권,장 요약 분기 실적,0
카카오페이,이 방 개미들은 개잡주땜시,0
한미반도체,옵트론텍 분기 누적 매출액 억원,1
LG유플러스,오래 버텼습니다,0
SK,개스피 깨지네,0
현대모비스,여기서 그냥 불평만 하지말고,1
하나금융지주,만 하나 될 날이 머지않은듯,1
LG,이미지 제일 안좋은 회사 인방,1
유한양행,유한 양갱 암덩어리,1
NH투자증권,좋은아침,0
한미약품,제약 보충관세 해제,1
카카오,이것도 드럽게논다,1
크래프톤,기다믄 올라와유,1
미래에셋증권,야들아 여기는 상법이 아니라 금리가 문제,1
KT&G,외국인의 꾸준한 매수를 보고 추매,1
삼성전기,낼 오늘 오른만큼 떨어짐,1
한국항공우주,오늘은 휴대폰 덮고 볼일봐라,1
메리츠금융지주,이번주 발의 되는 자사주 소각 배당 분리과세,1
한국금융지주,배당 분리과세가 해당이 되는지 체크하세,1
한미약품,층깨진다,0
에이피알,일선 만나서,0
삼성중공업,아는 이가 아무도 없나,1
LG디스플레이,천원간다 신용미수 반대매매시작중,1
S-Oil,월요일 이상 상승 전망,1
두산밥캣,러우 전쟁 합의 중이라는 기사 나오둔데,1
오리온,빡치네,0
LG생활건강,선주야 허리업,0
HMM,이렇게 되면,0
LG생활건강,오늘 상한가 가자,1
한국금융지주,이번 고좀에 물렸다면 년 덮어두세요,1
셀트리온,손절해야되나 버터야되나,0
현대차,이왕 빼는거,0
LG유플러스,연기금 매도 끝나면 날아가려나,1
LIG넥스원,너희 놀리러 왔다 나도 물렸당,1
한진칼,서서히 나락으로 가는중,1
고려아연,이유없이 달릴준비 해보자,1
HD현대마린솔루션,주가조작,0
JB금융지주,시중은행 으로 전환 하고 싶다고 사명 바꾼다는,1
LG화학,차트가 쌍봉하락이네요,0
HD한국조선해양,기회줄때 모아가 보자,1
메리츠금융지주,BNK 대호재 지주사 상법 자사주 소각 금융,1
LG디스플레이,천원에 받아 쳐먹고,1
LS ELECTRIC,이건좀,0
SK텔레콤,Kt 꽁무니만 따라 가라,1
현대로템,만원 열려있나요,0
두산에너빌리티,기관도 매도 외인도 매도,1
카카오,이젠 담아야지,0
NAVER,대출로 나눠사고 있는데 계속 더 사도되는거 맞,1
DB손해보험,증권주 은행주 모두 비교해봐도,1
한화,답답한 주식,0
효성중공업,민주당,0
POSCO홀딩스,배당받아서,0
삼성중공업,삼전 손절,0
현대모비스,백날 천날 오르는 애들만 오르네,1
CJ,오늘같은 날,0
코웨이,오늘 터는날,0
한화,두산대비 저평가 지주사 한화,1
HD현대미포,이와중에 뉴스라고는 나무 심은게 다냐,1
기업은행,성태야 행장 언제 되었노,1
DB손해보험,제발 폭 락해라,0
한미반도체,주 최저가 원,0
삼성전기,개미들 팔아라,0
오리온,대한제분 은 손으로 하늘,1
S-Oil,우리남편 원에 어제 샀다더,1
LG,엘또속에 당했다,0
SK바이오팜,조땐겨,0
KB금융,다암걸릴거다,0
삼성증권,오늘이 마지막 조정,1
한국금융지주,뭐 같은 주식이네,0
엔씨소프트,대장주가 죽을 쓰니,1
NAVER,네이버 니가 인간이냐,1
SK바이오팜,저번주부터 바이오주에 살살 돈이 몰리는거 같은,1
두산,중일 갈등의 장기화는,1
카카오,Nxt거래재게할때,1
카카오페이,다시 한번 말하지만,1
삼성물산,오너들,0
효성중공업,나의분석노트 월요일 상승 하락,0
HMM,자진상폐라도,0
효성중공업,노타는 투경 받고도,1
현대차,칼국수값이 오르는이유 칼국수도 점점,1
HMM,얼떨결에 괜서리 들어와서,1
삼성증권,삼증,0
한국전력,사자마자 처박네,0
미래에셋증권,다시 원 주가로 갈라하나,1
POSCO홀딩스,장인화 회장님 자리 보존할라고 언론 플레이 하,1
한화솔루션,프매야 만주 넘게,0
LG화학,악의적으로 단합해서 쳐빼네,1
HD현대일렉트릭,이걸 믿냐,0
한화에어로스페이스,한에,0
한미약품,한미는,0
한국항공우주,절대 안팔어,0
고려아연,어짜피 가지고있으면 갈수밖에 없지,1
NAVER,네이버가 오를 수 밖에 없는 이유,1
한화시스템,우주우주,0
미래에셋증권,마무리,0
고려아연,에휴,0
아모레퍼시픽,세상에서 제일 웃긴 말,1
신한지주,금융매인 신한으냉,1
SKC,코스피 불장일때는,1
현대글로비스,걍 기다립니다,0
카카오페이,오늘의 공매견현황,1
삼성카드,카드,0
HD한국조선해양,팩트확인,0
SK,왜 안믿는가,0
삼성카드,욕나오게 이게 뭔 작전이냐,1
키움증권,팔지도 못하고 떨어지는거 구경만 하게 생겼네,0
한화에어로스페이스,우리는 수주 소식이 필요하다,1
현대로템,연기금은,0
LG디스플레이,이제 현실로 돌아오시죠,1
두산밥캣,삼성창구 모았던거 다 토해네네,1
대한전선,월초 상승예상합니다,1
미래에셋증권,하 연속음봉,0
NAVER,뭔 개인이 팔아요,0
POSCO홀딩스,신용 점마 저거 매매하는게 바보 같이 하내,1
한국항공우주,KF,0
키움증권,뉴노멀 시대 필수 종목 키움 배당도 만원,1
한미반도체,오늘같은날,0
LS,호반 먹튀 지린다,0
한미반도체,맘대로해라,0
하이브,동시호가,0
신한지주,환율 보고 사라 은행들 나자빠지기 전에,1
LG,또 만 초반인가,0
HD현대미포,내가 파니까 오르냐,1
한국금융지주,홀딩할때입니다,0
LG,전날 하락했다,0
포스코퓨처엠,LFP 기사,0
SK바이오사이언스,십상보겠다공,0
현대모비스,FTA때 관세,0
HD한국조선해양,그냥 잡주네,0
HD현대일렉트릭,미국 법원에서 트럼프 관세 불법판결,1
DB손해보험,한화투자증권 리포트,1
삼성에스디에스,AI데이터 센터 주관 기업의 주가가 이,1
현대건설,슬슬,0
삼성전자,대장동과,0
삼성SDI,키움 개미들 들어왔다,1
엔씨소프트,외인기관 계속팔고,1
하나금융지주,미국 금융주 작살나서,0
삼성화재,외국인 공매도 편에 선 이재명 정부,1
효성중공업,적정가,0
HD현대마린솔루션,끝내준다,0
넷마블,내일 개폭락 가즈아,0
LG화학,공매도 잔량 현황 입니다,1
삼성물산,경 승진 인사 축,0
하나금융지주,와 이런날도 오네,0
미래에셋증권,물타고 물타고 오늘의 평단,1
두산,지금 상황에서 가장 빠르게 반전될만한,1
LG화학,자사주도안사 배당도 달랑 천원,1
한국금융지주,오후 시 금통위에서 승인,1
LG디스플레이,월 선물만기일 만확정주,1
HD현대일렉트릭,정도까지,0
NAVER,하방쎄다,0
LS,기업설명회 후기,0
LS ELECTRIC,뺄라면 만원대,0
포스코퓨처엠,만 이하 분할매수,0
LIG넥스원,외인들이 다시 쳐 팔구나,1
KT&G,반기배당이 뭐냐,0
우리금융지주,이번주,0
메리츠금융지주,장 요약 회장 선임 연임 가능,1
포스코퓨처엠,애들아 모두 나가라,1
하이브,개미 무한 물타기,0
삼성증권,와우 힘보소,0
메리츠금융지주,기관 매집이유 그럼에도 떨어지는 이유,0
한미반도체,환기에서 주의로,0
LG디스플레이,박스권,0
삼성화재,이제는 배당소득세를 제대로 바꿀 때입니다,1
LG,그냥 털고 나갑니다,1
현대로템,말했지,0
포스코인터내셔널,또또또,0
삼성전기,얘는 다 털린줄도모르고,1
삼성카드,주식 시작하면서 처음으로 산 주식인데,1
두산밥캣,악재 하나 송출 했으니 호재 하나 송출,0
LG생활건강,마지막새일,0
HD한국조선해양,개잡주 반도체주보다 더 빠지냐,0
삼성E&A,진짜 속터지네,0
엔씨소프트,만원응 지켜줘라 제발,1
효성중공업,이거,0
유한양행,오늘 만 조정 받는게,1
두산밥캣,손절이지만,0
기업은행,으음 매수추천은 아니긴한데,1
한미약품,에궁 울 떵 주,0
카카오뱅크,카카오 번째 먹으려 고민하다가,1
크래프톤,실적 좋은데 못가네 얘는,1
셀트리온,왠개잡주,0
현대로템,기관 미친거냐,0
NAVER,프매 쫄려서 쳐담네,1
두산밥캣,코스피 에서도,0
하이브,Bts,0
코웨이,장 요약 분기 실적 발표 아이콘,1
한미약품,원래오눌아급둥저린대여,1
한국금융지주,우끼네,0
포스코퓨처엠,관망,0
카카오뱅크,증권사 매수,0
LG전자,주담xxyy들 다 어디 간거야,1
현대차,연말 만원 나만 보이냐,1
SK,제일 그지 같은건,0
효성중공업,갭상승매도 갭하락매수,0
SK바이오팜,역시,0
HD현대일렉트릭,이슈는,0
NH투자증권,실적,0
SKC,이개잡주는 할줄 아는게 없당,0
한화,잠수함 수주하면,0
기업은행,에 만주 매수 정체가 뭐여,1
미래에셋증권,미래없세증권,0
HD현대일렉트릭,사랑해요 디알,0
기업은행,기업은행 민영화 해라,1
S-Oil,월요일에도 올라갈 거 같애,1
하이브,광신도가 얼마나 무식하냐면,1
한진칼,증시대기자금 년 상반기 대비 폭등,1
유한양행,뭣같은 종목,0
NAVER,네이버 뉴스보고 들어온 뉴비 있냐,1
두산에너빌리티,선뚜 깼네,0
셀트리온,왕의귀환,0
HD한국조선해양,한국판 게임스탑이 여기 있습니다 조금씩만 동,1
LG전자,개 쓰 레 기 주 식,0
코웨이,준혁이 좀 주겨줄사람,1
한국전력,수년이 흘러도 주가는 만,1
크래프톤,꼬레아게임 맛 갔어유,1
삼성전자,디램,0
엔씨소프트,못올리네 는 찍고 죽을줄 알앗는,1
삼성증권,아삼성증권 mts 개화나네,1
기업은행,올초대비 우리금융지주,1
HMM,찢극항로 되간다,1
한화,지수,0
HD현대미포,목표주가 상향,1
코웨이,외인들은 주가상승 싫어한당게,1
LIG넥스원,제가 주말에 방산 끝났다고했는데,0
삼성생명,주 입성,0
효성중공업,투자경고 해제,0
삼성증권,뉴욕증시 연준 트럼프 양대 풋 에 반등 동반,1
한미약품,백만원 갈듯,0
현대글로비스,기회가 오는가,0
기아,하루 죙일,0
유한양행,정확하잖어,0
HD한국조선해양,정도껏 떨어지든가 해야하는데,0
삼성생명,누굴 탓해,0
LS,개잡주야 시원하게 빼줘서 고맙다,0
현대모비스,주가누르기방지법 얼른 통과시키자,1
삼성생명,가장 저평가 된 주식 월안,1
현대차,년 G 개최 대통령 책임 막,1
CJ,그래도 주가는 폭락,0
HD현대마린솔루션,이 하락장에도,0
한국항공우주,이야 대단하다,0
KT&G,공시가 최선이구나 공시가 나온다고 소생할지는,1
삼성에스디에스,거품주 언느언능,0
두산에너빌리티,여긴 또 개미탕이냐,1
고려아연,이상 상승했어요,1
LG이노텍,외국인이,0
SK하이닉스,외기 쌍끄리라,0
POSCO홀딩스,다시 만 가즈아,1
LG이노텍,알려주까,0
코웨이,차입금 조천억 회사채 발행억,1
신한지주,외인 놀이터고만,0
삼성전자,한성기업 상한가로 돌때 안되엇,1
현대건설,가자지구,1
효성중공업,AI 버블 우려에도 전력실적 짜릿 목표가,1
LS,월말 월초 털고 나간 기법이 호반이,1
LIG넥스원,어이 없어서 눈물이 난다,1
오리온,참고로,0
SK,장후 nxt서 담으신 분 축하드립니다,1
LG,실적보고 팔라고 했는데,1
한화솔루션,양아CHI솔루션,1
한화오션,오늘장 반도체가 전부 불기둥인디 빼박 양전,1
셀트리온,을 향해서라면,0
HD현대미포,방산 엔진 하이브리즈 자율주차로봇 로봇팔까지,1
SK텔레콤,내년 q 성장이 당연한데,1
포스코인터내셔널,만원언제오냐,0
삼성전자,만 못가요 장기전임,1
한국타이어앤테크놀로지,자 본다니까,0
LG이노텍,오늘 이거 말아 올리면,1
포스코퓨처엠,바리,0
유한양행,옥죄 대리님,0
한화,야구장에서 피켓시위랑 유투브 중계,1
기업은행,얘는 왜 PBR이 이야,1
카카오,하여간 잔인한 애들이여,1
HD현대중공업,여기 돈없고 빽없는 찌칠이 단타개미들은 어제,1
S-Oil,장초반에 쫄려서 튄 흑우옵제,1
LG유플러스,이거는 공격도안되고 방어도 안되고,1
현대차,급한자들은 프리장에 던져라,1
삼성SDI,하루도 안빠지고 내리네,1
HD현대마린솔루션,완전 개관들 장난질에 속아,1
HD현대중공업,모건 보고 매수 더,0
기업은행,기은 퓨리오사 관련주네,1
삼성생명,외국인,0
SK텔레콤,아침,0
에이피알,과연 이 종목이 너무한걸까,1
기아,만 밑에서 시작하겠네,1
대한전선,지금부터 우리의 대한열차 출발 합니다,1
크래프톤,회사 망했나,0
LIG넥스원,난 내려갈줄알았지 작년 월 중순 현대로템 급,1
HMM,간첩양성소 민주당 지지파 민노총 한노,1
한국금융지주,눌림목인가요 코스피시대 최대수혜종목,1
포스코퓨처엠,nxt로 꼬득이고,1
두산밥캣,진짜 소외주 게시판에 글이 법대로님이,1
오리온,오리온 너네진짜 독하다 독해,1
카카오페이,답답하다,0
삼성전자,종예,0
엔씨소프트,만렙 실제후기,0
LG디스플레이,챠트,0
기아,현기아 정말,0
LG에너지솔루션,Lg엔송 공매 대량보유자,1
우리금융지주,단타 차트 곤충들,0
현대모비스,미국 단기채 SOFR 금리 급변동에 따른 자산,1
HD현대마린솔루션,참 힘드네,0
HD한국조선해양,오늘 프리장 초반,0
SK하이닉스,만원대 하던 주식이 만원이 넘,1
NH투자증권,오늘도 외궈,0
두산에너빌리티,외인,0
HD현대일렉트릭,왜 상한가,1
SK하이닉스,기술적 반등 조차 기대하기 힘든 이유,1
LG에너지솔루션,이죄명 탄핵시급,0
대한전선,하아 층인데,0
LIG넥스원,엘넥 니들이 지금,0
삼성전기,오늘 안뺀거,0
키움증권,앱 접속 안됨,0
SK,우리가 기댈 언덕은,1
HD현대일렉트릭,여기 주포 보아라,0
현대차,현대차 주포세력 누르기 압박,1
고려아연,떨어지면 더 줍 줍 하고,0
LG에너지솔루션,오늘의 공매 현황,0
두산,K 임마,0
기업은행,대구시 공공기관 차이전 유치위원회 신설,1
SK,SK PER 그리고 PBR,1
우리금융지주,와 나 동시호가,0
한국금융지주,이상 하락했어요,0
포스코퓨처엠,단기조정이 아니라 중기 조정,1
현대건설,이거 오늘 몸통으로 못 올리면,1
LS,다음주 야당주최 상법개정토론회,1
신한지주,오늘 종가 기준으로도 신고가겠네,1
삼성물산,조만간 주가 관리 풀릴 거라고 예상 합니다,1
한화에어로스페이스,위에서 왕창 물렸다,1
한화에어로스페이스,KF 보라매 F 가격 수준,1
하나금융지주,배당얼마주나요,0
미래에셋증권,STO 미래에셋의 전략,1
삼성카드,질문이요 삼성카드 상친적 있나요,1
JB금융지주,무섭다 무서워,0
고려아연,뉴욕법원 페달포인트 증거개시 신청 전면 기,1
포스코인터내셔널,포인만원 기원,0
유한양행,열일 하네,0
삼성E&A,삼엔은 진심저평가다,1
삼성에스디에스,참못났다,0
하이브,하이브 진짜 몰락은 매출둔화때 나타날것,1
LG에너지솔루션,하이닉스 보면 현타 안와요,1
포스코퓨처엠,왕창 물타야 하는데,1
SK텔레콤,외국인 대량거래,0
에이피알,다른주식은 올라도 이 개잡주는 안오는다,0
SK바이오팜,JP모건 보고서 쓴 넘 나오라니깐,1
삼성전기,아이디 개 월계미성 미주아로,1
LS,동제련도 상장,0
LS,전력주 다들 이상 가고있는데,1
SK텔레콤,요근방에서 횡보할거면 분기배당결정나고,1
삼성증권,줍줍시간,0
한국전력,동서울변전소 동해안 수도권 전력선문제도,1
포스코퓨처엠,매수 축하 이익추구 굿 성공투자하세요,1
현대글로비스,목표주가,0
엔씨소프트,오르는 이유는,1
한화솔루션,이주식 움직이는 넘들 정말 데블 같다,1
셀트리온,블록딜 들어왔다,0
카카오,네이버 가자,1
LG유플러스,유플은,0
삼성전자,마이클버리 내일관련기사,1
한화솔루션,얘는 개잡주요,0
NH투자증권,이종목은,0
삼성SDI,원화값 추락 원화 실질가치 금융위기,0
한국금융지주,이실적내고도,0
DB손해보험,좀 더 빠지자,0
키움증권,쓰루릅,0
엔씨소프트,결국 만대 깨지네,0
기아,도대체 비공 누르는,1
LG디스플레이,외국인 매집,0
셀트리온,도대체 뭐가 문제일까,1
HD현대중공업,반도체주는 진자 청룡열차네,1
두산에너빌리티,장막판 자 본다 튀어라,1
한국항공우주,매수 하자,0
KT&G,하락시작 예정인 가운데 대 상승으로 만,0
삼성증권,오늘 퍼는 올라가야지 뭐하냐,1
LG생활건강,분기 역대급적자는 넘어야할산이다,1
엔씨소프트,오늘의 공매 현황,0
HD현대마린솔루션,신규들은 이종목이,1
신한지주,신한지주 분석 리포트,1
LIG넥스원,이재명 순방의 핵심은 방산,1
LS,멍충이가 만을 만으로 오타쳤구만,1
한화,내가 한화를 가지고 있을 때,1
HD한국조선해양,프리에서 폭등했다,1
한국타이어앤테크놀로지,저평가 맞음,0
HD현대마린솔루션,내리면 사고 오르면 팔고,1
두산에너빌리티,난 듸져따,0
한화시스템,작정하고 화끈하게 내리는구나,1
삼성전기,삼성전기 HBME 완판 유리기판HBM,1
삼양식품,지금,0
LG디스플레이,BOE OLED 사업은 적자야,1
CJ,오를 때 같이 오르지 못하면,1
S-Oil,아무리 장난쳐도 내일 시작가는 만원,1
HD현대미포,모비스랑 위아는 못간다,1
SK하이닉스,오늘 다우 나스닥,0
현대모비스,날이 춥네,0
현대글로비스,장대양봉 만원까지 가즈아,1
SK텔레콤,Skt는 주주돈으로 해킹배상하고 배당도 안줬으면서,0
HMM,년 산전수전 다 겪은 내가,1
삼성E&A,평택 공장 착공 어제 발표,1
삼성생명,자사주소각과 배당을 합시다,1
한화솔루션,유증 호잰데 머구리들아,1
한화솔루션,오늘 한솔이,0
NH투자증권,주가 조작집단이네 사업하지마라,0
삼성증권,실적발표내일인데,1
HMM,노조 이것들 모조리 짜르고 부산이전 강행,1
삼성물산,곧 발표된다,0
SK바이오사이언스,sk는 삼바와 어깨를 나란히 한다 흥분,1
HD현대마린솔루션,주가가 검정색이면 심장이 벌렁벌렁거린다,1
현대로템,아직도모르겠어 다른방산과 비교만해도,1
한국금융지주,연기금이 담는다,0
한화오션,진심 궁금한데,0
HMM,찌질하게 빼지말고 확빼라 그냥,1
JB금융지주,외인들이 끊임없이 팔았네요 지속적으로,1
HD현대미포,이게 머냐,0
LG화학,오늘 몇프로 내리면 만인지 모르겠지만,1
한화에어로스페이스,횡재,0
LG화학,뭐 또 이러다가 가것쥬,1
한화에어로스페이스,개인들 빠지라거,0
삼성중공업,삼성중 월요일 대폭락 하한가 마이너스,0
SK텔레콤,쿠팡도,0
셀트리온,공매세력은 우리보다 정보력 빠르다,1
NAVER,와 신한 동시호가때 만주를 샀네,1
한화,단순히 지표만 보고 저평가라고 착각하지 마시고,1
LIG넥스원,상행선 인줄 알았더니 하행선이노,1
대한전선,담주 올라간다,1
하이브,외인이 팔아도,0
기업은행,공매,0
KT&G,분봉 M 떳음,0
현대차,개잡주물타는거보다,0
HD현대마린솔루션,다 망해보자,0
하이브,그리고 현재 한일령 때문에 화장품주 여행주,1
엘앤에프,에 주 샀다,0
GS,마지막 주 추가매수,1
삼성생명,현금은 트레쉬야,0
삼성화재,만원에 안팔던 삼성화재를,1
한국항공우주,답답들하네 대통령이 사장이야,1
카카오페이,이런,0
LS ELECTRIC,어제 이야기했다,0
LIG넥스원,자 쿨 타임 찾다 돌려돌려 조리돌림 타임,1
포스코인터내셔널,팜 기업인수한거 대박호재야,1
삼성증권,원 뭐냐 오늘 대박 상승이다,1
삼성전기,푸하하하,0
GS,위로 매물 엄청많은데 몇주씩 매수하는데,1
현대건설,현건,0
SK바이오팜,SK바이오팜 현 상황 정리한 기사,1
대한전선,ls마린보다 월등히 좋은 종목이라 생각했는데,1
카카오,다들 어디서 뭐보고 하는거에요,1
효성중공업,하이닉스도,0
신한지주,진짜,0
LG에너지솔루션,지금은 날씨가 춰서,1
LG에너지솔루션,오를땐 퍼오르더니,1
한미약품,차주 대응은,0
LG생활건강,아모레,0
LG전자,LG전자 미래가 안보인다,1
키움증권,여의도 발 감자떡,0
두산밥캣,금감원 신고 절차 주가 시세조작 신고,0
LS,리스크,0
삼성바이오로직스,너라도,0
두산에너빌리티,다른 코스피 대형주들 많이 하락하는데,0
두산에너빌리티,여기서,0
현대건설,한 UAE AI데이터 센터도,1
S-Oil,오만원일때 사놓고 묻어둘걸,1
SKC,SKC가 세계 최초 상업화를 추진하고 있,1
유한양행,자사주 소각하고,0
DB손해보험,혁신하라,0
SK바이오팜,왕이될 상이군,0
한국항공우주,이상 하락했어요,0
삼성에스디에스,개잡주,0
기아,다시 제자리 찾아가려하네,1
LG에너지솔루션,앞으로 내려갈일 뿐,1
삼성중공업,정치인들을 믿지말자,1
LS ELECTRIC,뭔가 쎄하냐 이건,0
한국항공우주,단기 자금으로 투자한 외국인들,1
삼성중공업,공매니들 오늘은 이겼지만,1
SK,진짜 주주들 끼리 힘을 모아야 한다,1
삼성생명,마지막에가서,0
삼성생명,끝인가요,0
삼성SDI,요즘 살만한가요,0
SKC,진짜,0
삼성물산,계단식 하락,0
KB금융,오늘 매수한 주주는 배당 없는거조,1
현대차,연일 뉴스만 좋다,1
고려아연,상한가,1
LG화학,갑자기 팍 뛴다,0
한국금융지주,증권사사상 최고실적 발표후,1
신한지주,만원 되면 파세요,0
현대차,엔진 터져버렸냐,0
삼성SDI,전형적인 계단식 하락이네,0
한국타이어앤테크놀로지,올해 배당까지 받으면 대체 얼마야,1
현대글로비스,변곡점인데,0
HD현대중공업,공매견들,0
HD한국조선해양,찔끔 떨어졌다고,0
HD한국조선해양,투경,0
HD현대마린솔루션,낼은 시초가,0
현대건설,서울시장 관련주 현대가 하세요,1
DB손해보험,보험가입현황,0
우리금융지주,반전 쩌네,0
고려아연,내일도 상승 아니면 조정,1
카카오,솔직히,0
두산,반등 나올 구간인데 조용함,1
LS ELECTRIC,변압기 하락 다음주 반등 ai 호재와,0
삼성카드,이게 배당이냐,0
SK바이오사이언스,역시나,0
JB금융지주,자꾸 내려가는 내 주식,1
SK,이야 한번에 이렇게나 많이,1
LS ELECTRIC,나스닥 선물,0
SK바이오팜,엑셈 테라를봐라 느끼는게없냐,1
SK,전과 범 능력 없으면 기어 내려와라 인성,1
현대차,올해는 글렀다,0
오리온,오늘 매동 개미가 조억 매수했음,1
LIG넥스원,평단 만원 형왓다,0
한화시스템,죄를받자,0
한진칼,신규 진입은 프로그램따라서,1
하나금융지주,매번 다른거만큼 못가는 이유는 뭔데,1
LG화학,이탈선 전부 무너졌습니다 단기간 조정,1
LG유플러스,구글 lg유플 협업 관게,1
삼성카드,배당금 이나 타야지,1
삼성생명,왜이래,0
미래에셋증권,축하합니다 선정,1
삼성SDI,오늘도 개미 검색종목 최상위권,1
한화시스템,전쟁 끝났나,0
우리금융지주,자 이제 가즈아,1
한국금융지주,배당분리 과세 법안 해당이 되는지 팩트,1
미래에셋증권,원 올렸냐,0
SK,상승률 보다 하락률이 더높다,0
크래프톤,그래도 옆동네 엔씨 하락에,0
LG,매수 신난다 했으니 담주 달려 가자 삼성도,1
우리금융지주,우리투자 증권 유증,1
NH투자증권,일이 관건,0
기업은행,배당금은 순이익의 이상 지급한다,1
LG유플러스,내가 냅두라구 예전부터 말했자녀,1
포스코인터내셔널,삼전도 프로 간다 지금,1
LG에너지솔루션,미 배터리 공급과잉 심각,1
고려아연,그나저나,0
LG,하세월,0
한국항공우주,국가 좀 봐가면서 팔아야,1
현대건설,거래량이 어째 두에빌이랑 배 차이나냐,1
삼성SDI,무너지기,0
키움증권,추가 매수 금지 시간,1
삼성E&A,역적 회사,0
한화,형님들,0
삼성증권,영국 듣보잡 매년 적자 반도체 회사 상장 주관,1
삼성중공업,이개잡주 삼중아 년전부터 모쟘피크 사기치나,0
우리금융지주,혼내주러 왔습니다 공매도 원,1
삼성바이오로직스,야 기사떴다,0
한화솔루션,신한아 내일도 불장이여 상환해라,1
삼성중공업,이제 간다,1
크래프톤,와 진짜 돌아버리겠네,1
LS,어제 회사에서 대표로 나온,1
삼성E&A,오늘은 모간이팔고 신한이사고,1
LG화학,K배터리 사 중 가장 경쟁력있는 기업은,1
한진칼,대한민국 등 독점회사가 청개구리,1
현대글로비스,이 주식은,0
한화시스템,내일아침 시분,0
삼성에스디에스,아침부터 하락조작질 이유,0
LG에너지솔루션,특징주 씨케이솔루션 LG엔솔 E,1
코웨이,방준혁이 입찢어지겄네,1
두산밥캣,이소영의원이 지적한 로렉스찬 도둑을 옹호하는 주,0
SK텔레콤,네이버 선방했어,0
삼성SDI,고점 물량 다 개미 물량,1
현대차,배당 받으려면 수요일까지 보유,1
메리츠금융지주,자사주 소각 배당분리과세 유일하게 중복되는 저,1
현대차,너는 현대차 주식을 왜 사서 투덜 거,1
효성중공업,굿 뉴스,0
삼성전기,남들 내릴때 안내리고,1
삼성증권,만원 올라간다,1
LG생활건강,중국도 일본 안가고 일본도 중국 안가고,1
두산,대한항공 괌왕복 손님 명 탄댄다,1
현대차,다음은 만이다 못믿겠지,1
에이피알,항만혼잡도와 당사 년 실적,1
LIG넥스원,씨지에스,0
한화,믿음의 한화,0
크래프톤,코스피천시대에,0
HD한국조선해양,오늘 LG가 강하네,1
크래프톤,악의적 기획보도,0
신한지주,신한 증권 공매,0
한화시스템,여기저기 곡소리,0
삼성화재,층인데 이거 보험처리되나요,1
HD현대일렉트릭,떼잉,0
LS ELECTRIC,나스닥선물 급등,1
하이브,차례나 소환 조사를 했다라,1
우리금융지주,배당금,0
삼성에스디에스,오늘 한번 날라가 보자,1
삼성화재,이런 날도 빠지는 주식이라니,1
현대차,이거 환율 수혜주,0
SK,다른 주식은 많이 올랐어서 떨어진다고 치자,1
한국타이어앤테크놀로지,외인들 머냐,0
한화오션,부채가 실화냐,0
삼성물산,간만에 에잇세컨즈가,1
HD현대미포,진득허니 있자고,0
코웨이,애쓴다,0
우리금융지주,마이 빠졌을 때는,0
LG전자,삼성전자 하고 비교 해보면,1
키움증권,짜증만 내고 다시 키움쓰니까 신경도 안씀,1
LG생활건강,형이 말했제 에서 팔라고,1
카카오뱅크,일단 들어와봅니다,1
하나금융지주,지금부터 자사주 매입량을 확대해서 주가,1
키움증권,기가막히는구나,0
하이브,방시혁 천억 사기 혐의,1
키움증권,공지 내용,0
대한전선,일선 찍으러가냐,0
한국항공우주,이론,0
한국전력,커리형님,0
LG생활건강,이개잡주는 치고빠지길 잘해야된다,0
HD현대중공업,개잡주,0
삼양식품,액면분할은 왜 안하냐,1
LG유플러스,그냥 냅둬,0
HD현대중공업,년 척 선박 건조 인도 기념 폭락 파티,0
KT,주담과통화,0
SK,에라이,0
기아,참담하죠,0
메리츠금융지주,배당입금완,0
한미반도체,같이,0
현대차,포니정이 그러는데 낼 올린덴다,1
엘앤에프,만원 짜리 배 해먹었으면,1
SK바이오팜,개인들 열심히도 사네,1
LG생활건강,죽을 해석 잘해보지고 답이 있,1
KT,얘 괜찮은 종목임,0
LG디스플레이,환골탈태한 LG디스플레이 회사 현황,1
대한전선,개한이,0
고려아연,윤범이형 내가 오늘개샀어 미안해,1
LG이노텍,외인들 일연속 던진다 퇴각하라,1
한화솔루션,워낙 바닥을 기는 놈이라,1
엘앤에프,숨고르기다 단기 넘게 급등했는데 절반,1
한화솔루션,걱정 말아라 유증 아니니,1
카카오,전 흔들리지 않습니다,1
SK,이sk는 정부한테 혜택 받은 것도 있으면서,1
메리츠금융지주,답이 없어서 손절치고 나왔습니다,0
한국타이어앤테크놀로지,현범 매직 아직 안나왔나 보네,1
JB금융지주,JB금융지주 보단 금비 무상증자,1
삼양식품,공매도만,0
하나금융지주,AI 열풍에 가려졌던 배당주 시간 오나,1
LG유플러스,내일 다시 자 보러 가겠네,1
DB손해보험,여기는 왜오름,0
LS ELECTRIC,지수 반등중,1
현대로템,기관 오늘 잠자다 하늘로 가길 아멘 아미,1
LG생활건강,정말,0
삼성전자,걍 탈출했다,0
셀트리온,김부장은 역시 남산의 김부장이 원조야,1
삼성전기,삼성증권,0
HD현대미포,현대차 위아,0
SK텔레콤,종가 블럭딜,0
삼성E&A,이넘에 국내기업들은,1
한진칼,개관들의 패대기 본격시작,1
DB손해보험,앞으로 기대되네요,1
HD현대미포,잡주 특징,0
포스코퓨처엠,오늘 얼마나 오르려나,1
한국항공우주,거봐 양봉 보지,0
대한전선,호반그룹이 더 사라,1
한화솔루션,끝 실화냐,0
유한양행,자자 번째 말한다,0
S-Oil,기관수급,0
삼성바이오로직스,결국 정도 끝나야 정상아닌가,1
KT&G,나왔다,0
엘앤에프,미 선물도 나쁘지 않은데,1
한화솔루션,나스탁 퍼스트 상승 마감,1
삼성생명,부동산자금의 대이동과 배당세 분리과세,1
하이브,생각 잘 하자,0
한화,주식 안해 이간나구들아,1
하이브,뭐냐,0
LG생활건강,저만 느껴지나요,0
아모레퍼시픽,일본끔쩍안해 일본은 국가생존이달린문제,1
한국타이어앤테크놀로지,조까지다,0
현대차,으서나 연속 음봉은 피해야지 막판,1
두산밥캣,신한 외인 공매 맥쿼리 순매수,1
삼성바이오로직스,오늘 시총에 대해 개인적인 생각,1
SK바이오사이언스,시원하게 빼라 만백원 지지선,1
삼성중공업,삼성중공업은 단타 공매도 맛집 인증,1
엘앤에프,엘버말 엔비디아 양전,1
HD현대미포,허미 거래량 실린 장대음봉,1
두산밥캣,로렉스찬 도둑의 국장 디스카운트 끝장 보는것이 밥,0
한화에어로스페이스,죽고싶다 아니,0
삼성전자,시가에 사서 매도를 못했다,1
엔씨소프트,모간이랑 골드만 형들이,1
삼성E&A,이건 정말 쓰레시다,1
HD현대미포,코스피 천에 이 주식은,1
LG에너지솔루션,짜이밍효과 죽이네,1
두산,방산이 아니라 빵상이겠지,1
LG,경축 코스피 붕괴,0
NAVER,지금시간,0
기아,그래도 안내리꽂는게 어디냐 보합도,1
현대모비스,자동차 산업전망,0
HD현대중공업,현대가 올라줘야,1
한진칼,공매 돌빠 자 가자,1
메리츠금융지주,언론에서 본 빈대인,1
미래에셋증권,오늘도 못가는거군요,1
기업은행,매수나 해야지,0
HD현대중공업,반도체 꺽이면 조선도 꺽인다 반도체를 사수하,1
삼성전자,갑자기,0
기아,자 자 이제 그만하고,1
한국금융지주,분봉 선 매수준비,0
기아,무슨 주 가지고 누르냐,1
삼성바이오로직스,이러다,0
HMM,자사주 소각 불공정거래 조사하라,1
SK,최태원의 행태를 보면 하루빨리 차 상,1
포스코인터내셔널,니가 언제부터 지수추종했다고,1
한화솔루션,원전단가 전기요금덤핑으로 한국 태양광 풍력산업,0
오리온,무지성 공매도들,0
삼성전자,이건 반대매매 물량같은데,1
NH투자증권,역대급 매출인데,0
현대모비스,줏대없는 개관들,0
SK바이오사이언스,종가,0
KT,오늘 전화들해봐라,1
한국금융지주,신한증권창구로 공매도 물량이,1
삼성바이오로직스,내가 지금 이해가 안 가는게,1
코웨이,go way 좀 가봐라,1
삼양식품,공매의 승리,0
두산밥캣,맥쿼리 등장에 대한 의구심이 하루를 지배하겠네,1
한화시스템,팔아라,0
삼성전자,하수석 얘기들어보믄개사기라,1
삼성카드,적정가 원,0
오리온,지금부터 시작입니다,1
한국전력,형은 오늘 신용만 살짝 정리했다,1
한화에어로스페이스,진짜 이젠,0
삼성E&A,월 까지,0
현대글로비스,환율 방어 어캐하나,1
LG유플러스,캄보디아에 끌려가서,1
SK바이오팜,몇년째 층에서 추락,0
고려아연,힘을 내,0
KT&G,일선도 안건드려 일선도 안건드리네 종가는,1
고려아연,마음에 여유는 본인들에 목이고,1
두산밥캣,회사 차원에서 악성 악재 한나 기사화 할 때 됐나,0
한국타이어앤테크놀로지,제발쳐내리라고,0
한국전력,공매도가 달라 붙질 못하네,1
LG,LG화학,0
KT&G,주가가 떨어지면 담배라도 많이 피겠지,0
고려아연,최씨 일가 화이팅,0
키움증권,키움아 배상해라,0
LIG넥스원,갑자기 분위기 급 반등이노,1
SK,하락시에는 등 회사,0
KB금융,kb가 주담대 대출금액과 비율이 가장 많은,1
SK하이닉스,호구닉스,0
LS,넘 심각하게 뺀다,0
두산,멘탈잡기 힘든분들,1
SK바이오팜,대단하다 진짜,0
LG,반도체 종목임 주가관리 개판이네,0
LG에너지솔루션,에스와이,0
에이피알,에 아가리 쩌억,0
삼성카드,이렇게 조용한 댓글창 처음 보네요,1
한진칼,열불 터지네,0
HD한국조선해양,프리장에서,0
엘앤에프,천주만 채우자,0
S-Oil,오늘도 조용하네요,1
한미약품,신용잔고 더 늘어남,1
두산에너빌리티,바닥터치,0
크래프톤,크래프톤 만원일때,1
HD현대마린솔루션,원짜리라고해도 제약 바이오주 독감 퍼지는중,1
LG전자,요즘은 날벌레 중에 파리도 보기가 힘들다,1
LS,중복상장 방지요청에 대한 한국증권거래소 답변입니,0
KB금융,일부러 파란색 만드네,1
대한전선,유튜버들 만 간다고 하더니,1
삼성E&A,오른건 없는데,0
SK,태원아 우리가 많은걸 바라는게 아니여,1
한미반도체,환기종목 위험,0
삼성SDI,공포에 매수,0
한미반도체,옵트야,0
GS,지에스에너지,0
크래프톤,이제 손절도 늦었고,0
삼성에스디에스,개잡주네,0
삼성전자,빅테크들 돈걱정을 왜 하노 지들끼리 치고박고 하,1
코웨이,오늘도 매도 vip 제이피모간,1
키움증권,얼마나먹겠다고 이런고점에서매수하나요,1
기업은행,이재명 청년들 미래 위해 그만,1
한화에어로스페이스,잃어버린 왕국을 찿아서,1
HMM,억겁의 한 이 풀리려나,1
SK,다들 안좋은데 저는 반대로,1
LG에너지솔루션,이차전지 분기부터 줄적자 난다,1
LG화학,망했네,0
삼성바이오로직스,똥견 피스,0
LG유플러스,저렇게 관중마니왔는데,1
하이브,감옥가야지,0
삼성물산,정리,0
코웨이,이거 주가조작 같음,0
신한지주,미국 하원에서 셧다운 예산안 통과하고 환율 떨,1
한화오션,나만 꼴은 느낌이네,1
고려아연,만주 위 매수한 개미무덤 쏟아진다,1
한미약품,비만치료제로,0
삼양식품,대놓고 홍보 하네요,1
한국전력,한전 오늘 대박 입니다,1
현대모비스,AI 요약 현대모비스 년 분기 경,1
CJ,캄캄한 밤하늘에,0
삼성에스디에스,양전해서 걱정했는데,1
S-Oil,오전에,0
삼성화재,먼데 갑자기,0
한진칼,시 골드만성님,0
넷마블,여기도 지옥,0
SK바이오사이언스,수주공시 수개월째 없는데 일은 하는거냐,1
포스코퓨처엠,최정우회장태가 그립습니다,1
SK바이오사이언스,진짜너무하네,0
SK텔레콤,SKT 집단소송 SKT 유심해킹사태 집단소송,1
SK바이오팜,외국인 바팜 일 째 순매수 행진,1
삼성바이오로직스,삼바 론자임 침팬지야,1
HD현대미포,내일부터 삼전대신 현대차,1
S-Oil,애프터 특이하네,0
SK,최회장은 조정장에 자사주 소각발표하면,1
삼성물산,오늘 한국증시 단군 이래 최대 하락,0
KT&G,그만 시루고,0
LS ELECTRIC,L자,0
엔씨소프트,세일 끝났나요,0
현대모비스,이번 호재는 배당소득 분리과세 하향,0
삼성생명,컨센상회,0
엔씨소프트,오늘 저녁 시 라방,0
HD한국조선해양,최악이네,0
KT&G,천원 갑시다,0
CJ,일본 총리 사과하면 끝난다 이런 테마는,1
LG유플러스,이것 쳐다보고있쟈니,1
삼성E&A,기관매수,0
현대모비스,현재는 계륵 미래는 대박,1
포스코인터내셔널,환골탈태,0
한진칼,골드만성님이 계시는한,1
카카오,오늘은,0
한화솔루션,최강 HD현대 Winner,1
JB금융지주,분기 배당금 지급일 이네요,1
메리츠금융지주,오늘 하락 이유,0
한진칼,쑈쑈쑈 결국 골드만 포석,1
HD현대중공업,질문있습니다,0
삼성SDI,전고체배터리 원료 가격 낮아져,1
고려아연,이상 하락했어요,0
HMM,뭔가움직임이 틀려졌달까요,1
LG,먄은 깨진다,0
셀트리온,서회장은 주가 떨구고 싶겠지,1
LG,잡주는 본전오면 매도가 정답,1
셀트리온,이 주식을 통해,0
SK텔레콤,이제 해킹 당하면 무조건 숨겨야 한다,1
한화오션,오르다 하마,1
오리온,구지 이걸 왜,0
두산,만원 깨질 것 같으면 빨리 깹시다,1
한화시스템,잘버티네,0
LG이노텍,교수형 캔들 한번 뜨고 하락,0
CJ,미장 떨어졌네 월요일 하락시작 하락계속,0
크래프톤,역시 캄보디아급 보이스피싱 주식,1
아모레퍼시픽,이번에 놓치면 다시 잡기 어렵습니다,1
삼성바이오로직스,시총이 조,0
삼성전기,어제만 해도 욕했는데,1
키움증권,여기가 고래안방이냐,1
엘앤에프,이제는 도망이 상책이다,1
현대로템,미쿡증시,0
두산에너빌리티,야 이벗들아 머니,0
HD한국조선해양,잭팟이 터졋는데 왜 못가냐,1
HD현대중공업,비 와 담배,0
삼성중공업,여전히,0
미래에셋증권,배당금,0
LG생활건강,주워 담아라,0
기아,드럽고,0
유한양행,뉴스 도배하겠네,0
한화솔루션,한솔에 투자하는 이유 정리,1
LG전자,종가에 주 대량으로 거래되었는데,1
포스코퓨처엠,공매를,0
두산밥캣,매커리 지쳤나 목표수량 채웠나,1
CJ,내일은 계열사 CJ프레시웨이 뉴스로 하락 시키,0
POSCO홀딩스,우크라이나 종전,0
넷마블,차전지 바이오,0
SK텔레콤,삼성증권 배당 천원,1
메리츠금융지주,BNK자사주 소각 한다는데,1
엘앤에프,차전지 대폭락 시작이라고 내가 말해줬는데,0
DB손해보험,DB손해보험 주가 전망 배당금 정,0
LG전자,주주환원은 물건너갔남 그럼 주주가치재고는 뭐냐,0
LS,구자은,0
SK바이오사이언스,내말듣고 오늘 갈아탄애들은,1
한국항공우주,우리 이재명 대통령 각하께서는,1
POSCO홀딩스,개신한과 외인 두마리,1
NH투자증권,오늘,0
한국타이어앤테크놀로지,결국,0
삼성전자,올리고 에프터장에 쭉빼겠구나,1
삼성전자,호가 장난질이네 너무들한다,1
삼성에스디에스,층 이상에 살고 계신분들 계시나요,1
삼성전기,장중 잘버티는거보고 추매했더니,1
삼성바이오로직스,단점 시장이 안좋음 장점 트럼프 약품,1
삼성증권,혹시 증권주두,0
HMM,돔황치십쇼,0
대한전선,결국은 전력설비,0
HMM,각종 언론 유튜브,0
한화에어로스페이스,내일,0
삼성물산,달인,0
KB금융,KB 금융 보면 왜 기관이 외국인한테 안되,1
넷마블,올해 한정으로는,0
GS,올해 배당은,0
한화,한화 주가가 왜 오르지 않는가,1
삼성바이오로직스,긴급 오후장 급락자리임,0
기아,개인들아 제발 기아 그만매수해,1
에이피알,미니투매,0
아모레퍼시픽,주말에 오를거라고 찬티짓하는거 어찌나 웃기던지,0
유한양행,삼성 신한 제이피콤보에,1
두산,원태때문에 영원히,1
SKC,공매빨래방이지,0
넷마블,일동안,0
LS,이상 하락했어요,0
SK바이오사이언스,독감유행,0
KT,다시한번 말하지만 지금이 제일 싸다,1
삼성에스디에스,주식은 심리야,0
NH투자증권,증권주는 무조건 가게 되어 있다,1
HD현대중공업,지금 미선물이 빨간불이다,1
메리츠금융지주,더 사고싶은데 돈이 없네,1
삼성바이오로직스,아직수익중 목표가 얼마정하지,1
키움증권,자사주많이 가진곳이 어디,1
하나금융지주,저평가주면서 배당도 기대됨,1
LS ELECTRIC,감사합니다,0
삼성에스디에스,코스피 천빨 아니었으면,1
포스코퓨처엠,ESS 상승 굿 포스코퓨처엠 일선 회복,1
POSCO홀딩스,장인화가 꼬리자르기하니 시장이 매도중,1
SK하이닉스,삼성전자 왜 이래,0
KT&G,비밀인데,0
LS ELECTRIC,장이 안좋고,0
SK바이오팜,정체가 머임,0
SKC,썩은나무에풀한포기자라것나,1
한화시스템,결국 유증이란 얘기인건가,1
삼성에스디에스,동시호가 직전 하락조작 클라이막스,0
두산에너빌리티,두산에너빌 분기 순익 억 적,1
NH투자증권,돈이 됩니까,0
현대모비스,당분간 매수자제,0
HD현대일렉트릭,내려간다 꽉잡아,1
LG유플러스,아침에 띄우지나 말던가,1
카카오,감사 합니다,0
LS,얘는 도대체 왜 이 난리,1
삼성SDI,비 언제 그치나요,0
카카오,긴급속보,0
한진칼,틀 찔끔 올려줬다고 나대던,1
현대건설,가덕도 신공항,0
삼양식품,자사주 매수가 아는 분 올려주세요,1
포스코퓨처엠,시장 영향이 있는 것 같네요,1
HD현대중공업,희망이 없는 회사네 죽은 회사 다이,1
LG전자,더 망하기 전에 다 팔아치우고 은행에 넣,1
오리온,장 요약 비쵸비 국중박 에,1
LG전자,에휴 삼전 하이닉스만 오르고 나머진 다 전멸 코스,1
JB금융지주,JB의 금융지주,0
크래프톤,금일 게임주 하락 위 크래프톤 축하드립니다,0
고려아연,복덩이 고래아연이가 최고지,1
신한지주,한 미 관세협상 합의문 공개 하라,1
유한양행,치사하고 더럽게 지들만 잘먹고 잘사는 조욱제와 그,0
포스코퓨처엠,그렇게 뜨거운맛을보구도,1
한화에어로스페이스,패닉셀 반대매매,0
LIG넥스원,인증도 안하고 꺼억 꺼억 거리네,1
한국전력,약장수 젠슨황의 얄팍한 진실,1
LG전자,연준 실질적 인자 윌리엄스 총재 단기,1
삼성물산,희한한 종목이네,0
셀트리온,내일작살내겠다는거네,1
삼양식품,올라가게,1
포스코인터내셔널,꼴세가 장좋아질때까지 계단식하락,0
HD현대미포,사람들은 현대에 로봇기업임을 모른다,1
한진칼,오빠들 이거 언제 가,1
삼성생명,성 늬스,0
삼성E&A,영업일 만에 손절,0
한국항공우주,개발비 부담 줄일려고 기술 통째로 넘겨주지,1
LG전자,반등시 튀어라,1
두산,예상 환율 원대,0
JB금융지주,배당락언제죠,0
신한지주,Kb언제따라갈래,1
현대글로비스,AI 요약 현대글로비스 해외지역 기관 I,1
삼성E&A,이따위로 뺄거면 머하러 그동안 사모았,1
셀트리온,왕거품 삼성 에 홀 하한가 가겠구나,0
SK바이오사이언스,무한홀딩,0
삼성전기,혹시,0
현대로템,이재밍이는 머하고 있을까 방산 쎄일 하러 쏘,1
두산,이 폭락장에도 버티는것 보면,0
S-Oil,예 뭔 일이죠,0
삼성에스디에스,주식 포트중 제일 잘못한 선택,1
LG생활건강,좋은 반등 캔들이 떴네요,1
미래에셋증권,미래에셋증권 IMA 가자,1
SKC,삼가 고인의 명복을 빕니다,1
SK하이닉스,삼성창구,0
SK,전과범 지 배때기 불릴 생각만 한다,1
카카오,속지마라 사는순간 골로간다,1
기아,차트만 보면,0
KB금융,대폭락,0
메리츠금융지주,외국인 공매도 편에 선 이재명 정부,1
현대건설,세계정치 재건주,0
LG이노텍,오늘 하락이다,0
우리금융지주,진성준이를 빨리 쳐내야함,1
카카오페이,손절,0
미래에셋증권,다음주 야당주최 상법개정 토론회,1
삼성E&A,그지같은주식,0
LG생활건강,월요일,0
기업은행,오늘같은 불장에,0
SK바이오사이언스,오늘,0
카카오,AI가 카카오 년 데이터 분석 결과,1
한화,하루종일 거래량보다 동시 호과 거래가 많냐,1
삼성에스디에스,데이터센터 지으면,1
한국금융지주,자사주소각하는 차상법개정안 다음주 발의합니다,0
한화솔루션,오씨 현솔 따까리,0
한국항공우주,다 팔고 튀어라,0
한화오션,가즈아,1
삼성화재,보험 몽땅 삼성화재로 바꾸었습니다,1
SK,상법게정 빨리 안하면 역풍씨게 맞는다,1
SK바이오팜,이야 퍼만 올려줘도 이렇게 신나하는데,1
NH투자증권,속보 미래에셋 보고서 발표,1
LG화학,구각모,0
아모레퍼시픽,까지 끌어 놓으면,0
한미약품,머크,0
삼성중공업,조선주 실적,0
두산밥캣,회사 운영하다보면 횡령도 좀 하고,1
한미약품,차트는 예술,0
두산에너빌리티,갭 메우러,0
한국전력,너무,0
삼성중공업,수주,0
기아,에라이 쌍,0
삼성바이오로직스,삼성바이오로직스 나왔습니다,1
두산밥캣,손절 타이밍,0
한화,한화가 잠수함 수주 한다고 캐나다 대서 특필,1
카카오뱅크,원 오르네,1
LG에너지솔루션,머니을 준비하라,0
두산,주 종가 환율,0
키움증권,고래의움직임,0
삼성전자,환율 이젠 익숙해져야,1
NH투자증권,미중 관세전쟁 금리타격 환율리스크 그러므 pf,1
삼양식품,공매 박살 나겠는데요,1
한국전력,오늘 버티는 것이,0
삼성SDI,내가보는,0
DB손해보험,아따 무섭소 잉,0
삼양식품,때려잡자 공매도,0
KB금융,신한금융 KB금융 사야 함,1
삼성SDI,차 ess도 삼성sdi가 쓸어 담을거라 생,1
효성중공업,그래,0
미래에셋증권,완전 개잡주 된거 같아요,0
HD현대마린솔루션,액면병합 원 되믄 CB 로 주수 늘린후,1
우리금융지주,한 미 관세협상 성공적이라는데 우리 경제에,1
LG디스플레이,드디어 대차거래 감소에,1
에이피알,개털소프트,0
두산에너빌리티,여기,0
신한지주,신한지주 주가,0
삼성에스디에스,미국 나스닥 폭락이다 원,0
CJ,올리브영이 움직일때,1
GS,왜케 오르는 거임,1
한국타이어앤테크놀로지,조현범이 경영은 잘했는데,1
HD현대마린솔루션,또 하루종일,0
한진칼,개미들 오늘은 지옥맛볼,0
한화오션,참 이상한 종목이네,1
삼성카드,이제는 배당소득세를 제대로 바꿀 때입니다,1
고려아연,만원 돌파할떄나 매수해라 지금 사면 안,1
한화에어로스페이스,All in,0
SK,이 그ji가튼 주식은,1
미래에셋증권,자사주 소각이랑 나온거 아냐,1
하나금융지주,외람 될 지 모르나 년차로 교보증권이,1
하이브,요즘 아이돌들 보면,1
한미약품,가더라도 층은 한번깰듯,1
한화오션,초심으로 하마 어게인,1
아모레퍼시픽,년전 영광을 다시 되찾아보자,1
HD현대일렉트릭,IR 담당자 퇴근했습니다,1
LG에너지솔루션,생각만큼 안떨어 지니까,0
HD현대마린솔루션,개잡주와 개관들의,0
메리츠금융지주,BNK금융지주 주가 전망 배당금 정보,1
LIG넥스원,찌질이들 고마해라,1
HD현대중공업,다른 것 올라가고 있는데 같이 안가냐,1
삼성물산,오늘 낼 낼모레,0
LIG넥스원,아침 머먹지,0
LG생활건강,이게 나다 하는사람 들어와라,1
NH투자증권,역헤숄이라던데,0
삼성생명,거래일 하락,0
키움증권,아 재미없는 종목이로구나,1
SKC,으그 신용쉬리들,0
HMM,부산이전 후 매각,0
미래에셋증권,간당간당하게라도 수익일때 그냥 수익실현했어야,1
HMM,잡귀,0
셀트리온,오전내내누르네,0
기아,가자 기아,1
SKC,미선물 대,0
한국항공우주,전투기 구매는 전쟁종료와 상관이 없어,1
현대모비스,현대차,0
고려아연,머선일이고,0
삼성전자,외인자금 삼전에서 닉스로 이동한거 안보이냐,1
SK텔레콤,연개금이 요즘 수익이 좀 올렸다고 아주 데일리 트,1
삼성에스디에스,수급보면,0
카카오페이,ooo 모의원이,0
HD현대일렉트릭,좋다,1
LG,옵션만기 동시호가,1
우리금융지주,배당 원 줘라,0
신한지주,국가 백년대계를 다시 짤 새로운 지도자 필요해,1
대한전선,시초가를 흔드니까,1
삼성물산,이상 하락했어요,0
삼성SDI,코스피 보면,0
삼성전기,전자보합가면,0
LS ELECTRIC,한국주식은 덮어놓고,1
삼성카드,공매도 못하게 만원 매도 걸어 놨습니다,1
NAVER,하이닉 오늘 상승분 다반납,1
코웨이,김종국이 노래합니다,1
SK텔레콤,또 만원 깨기 도전하라 가네 쩝,1
LG전자,LG전자 오늘은 외인 사고 기관 팔고,1
삼성전자,조정 끝나간다,1
HMM,빨리 매각 발표하라,1
현대차,스텔라정이 그러는데,1
기아,오늘은 초장에 좀오르고,1
한미반도체,손바뀜 구간,0
크래프톤,상승장은 기대감 먹으며 올라가는데,1
유한양행,조옥제,0
코웨이,오전에 띄우고 꼴아박고 몇일째냐,1
현대로템,이것만 복구가 안되네,1
엘앤에프,오늘 종가는 원입니다,1
현대글로비스,어떤 놈이 사고팔고 난리인지,1
LG생활건강,에서 팔라했제,0
한국항공우주,외인,0
크래프톤,손절햇따,0
GS,Gs 영업이익이 작년대비 퍼상승,1
카카오뱅크,오늘 입성,0
고려아연,주식은 역시,0
카카오페이,화장품주들은 좋네 카페 왜이럼,1
한화에어로스페이스,피말리고있다,0
LG,어제 기관 외인 풀 매수는 뭘 의미하는걸까,1
KT,솔트룩스 잘잡아라 kt야,1
유한양행,유한이는 썩은 나무 썩은 나무에 계속 물주고,1
LG에너지솔루션,공매도 대장 오늘 총공격이네,1
한화솔루션,또 무슨일인겨,0
SK바이오팜,하나증권 만원 제시,1
LG전자,우크라이나 종전이 오고 있다,1
KB금융,년대운,0
JB금융지주,삭제된 게시물의 답글 평단 원 주주인데,1
삼성바이오로직스,신한,0
유한양행,진짜 궁금한데 개인들은 이걸 왜 살까,1
크래프톤,기관이 파는 이유가 먼가요,1
카카오,카카오 그냥,0
SK하이닉스,왠 개밥에 도토리,0
유한양행,주주가치 제고는,0
HD현대중공업,가기전엔 매수금지 낚시질임,1
SK하이닉스,호가 장난질 심하네,1
카카오페이,정선 정모 마치고,0
LG전자,오늘은 글 싸지르지 말고,1
포스코퓨처엠,거래량,0
삼성물산,삼바가 대박쳐야,1
HD현대일렉트릭,회사 공시는 없다,0
HMM,잘 외우고들 있나,0
HMM,오호 외 기 금 쌈그리매수 여기에,1
엔씨소프트,년전 겜을 무슨 재미로,1
LG유플러스,잘 먹고 간다,1
삼성SDI,금리 인하 시사 에 뉴욕 증시 들썩 다,1
한화에어로스페이스,에어로,0
한국전력,분위기가,0
코웨이,분기실적,0
미래에셋증권,끝물이군,0
LG디스플레이,무배당 북한주식 조심해야한다,1
한국금융지주,기회,0
카카오뱅크,그래도,0
삼성카드,지역 건보료 왜곡 청구,1
기업은행,만원 깨지면 하방압력이크다,1
SK바이오팜,외인은 계속 매수,0
하나금융지주,독야청청,0
카카오페이,까지 약속하고 떨어질듯,1
코웨이,좋은주식,0
DB손해보험,최신AI가 분석한 DB손해보험 분석내용,0
LG유플러스,국장은,0
SK하이닉스,외인이 개미꼬시면서 설거지 차트 만든다,1
두산에너빌리티,완전 개잡주네,0
삼성전자,올라가즈아 공매도넘들 국장맛좀 봐라,1
POSCO홀딩스,한결같네,0
POSCO홀딩스,고영 손절하고,0
HD현대마린솔루션,물량 넘기네,0
포스코퓨처엠,이제는,0
포스코퓨처엠,년만에 층에서 약익절 탈출 후 아쉬웠,1
미래에셋증권,이거,0
엔씨소프트,중박은 봣는데 서버에 사람이 읍다 에,1
한국항공우주,오늘 양봉 보고 꼬라 박나요,1
한화시스템,개우섭네,0
JB금융지주,주주 인증한 투자자들 수익률이,1
SK바이오사이언스,주식 년차 상승이 눈에 다 보입니다,1
카카오페이,지옥 출입문에 대기 타고 계시느라 고생이 많으세요,0
한국금융지주,상한가 만원,1
두산에너빌리티,칠만원도 깨지네,0
포스코퓨처엠,그동안,0
두산밥캣,맥쿼리가 공매 상환 마지막 길 열어주는 타이밍이,1
삼성화재,내일 실적발표 예상,1
LG화학,LG화학이 할일은,1
HMM,역시나,0
한화시스템,금욜 손절한나,0
GS,또 누굴 골병들게하려고 이싯점에서 추천하냐,1
LS ELECTRIC,주의예도 풀렷네,0
엔씨소프트,급할거없다,0
HD현대미포,외인들 장난치면서 물량 하나도 안넘겼네,1
LIG넥스원,결의,0
SK바이오사이언스,공매치고 야금야금 맛있게 상환,1
GS,Gs,0
LS,그냥,0
삼성물산,제의 두산에너,0
LG유플러스,아놓쳐따,0
GS,현대판 전쟁,0
대한전선,매매 마감,0
LG이노텍,오늘 삼성증권,0
크래프톤,게임대장주,0
CJ,이딴종목 상장 폐지나 당해라,1
LG디스플레이,본격적인 하락장이 올 지도 모르는 현,0
LG생활건강,다른화장품주는 오르는데 생건은,1
LG,여기는 희망있는 애들도 기대치가 만원이,1
유한양행,유한양행,0
삼성전자,중국 항공모함동원 서해 군사전개,1
삼성생명,갑자기 왜,0
하이브,구속 뉴스 아직이냐,1
카카오뱅크,여기서 싸다고 기웃거리는 이들보셔,1
코웨이,지수 따라 못오르는것도 짜증인데,1
삼성전자,하차기회를 주네,0
엘앤에프,에혀,0
오리온,코코아 선물 어제 떨어짐,1
HMM,금감원이,0
SK하이닉스,종가 잼나겟네,0
키움증권,키움 접속불가,0
신한지주,아휴 신한 나쁜넘들 시장을 아작내는구나,1
두산,종 부시자 환율 조작,0
SK하이닉스,이야 고가대비,0
GS,까진 무난하게 가겠,1
포스코퓨처엠,코퓨,0
두산에너빌리티,제탄 한화오션,0
카카오뱅크,왜 올라감,1
LG에너지솔루션,위대한기업은 함부로 파는거 아니다,1
두산,여객 실적에서 중국 비중은 생각만큼,1
기아,기아,0
아모레퍼시픽,박스권 까지 반등 할 듯,1
LG유플러스,요즘 밥상은,0
두산밥캣,재건주도,0
KT&G,오늘도 어차피 하락,0
SK바이오팜,세노바메이트 경구용 연내 NDA 제출 오늘,1
현대모비스,대표야,0
삼성E&A,하락 시그널 출현,0
삼성중공업,나스닥,0
KB금융,역시 주식은 욕심과 절제군요,1
넷마블,금요일은 처박는날,1
한국타이어앤테크놀로지,편하게 배당받자,0
삼성SDI,농사꾼이 본 SDI,1
하나금융지주,불금 불타나,0
기아,아이고 저꼴좀봐라,1
한진칼,얏빠 골드만,0
NH투자증권,년말배당,0
삼성카드,배당도 못받고 쳐물렸다가 오늘 탈출,1
엔씨소프트,어라 길어야 달짜리 겜이다,1
엔씨소프트,날개 게이지 잘 챙겨라 추락 하지 말고,0
LG화학,구광모라는 자의 정체,1
셀트리온,만 원이 본전인데,0
고려아연,배당일 빨리와라,0
포스코인터내셔널,포홀 잘못 만나서,0
KT&G,신용 털기 한참인 요즘 오늘은 반등 나오는날,1
LG에너지솔루션,공매도세력들 매수구간,1
효성중공업,K 그리드 주가 핫한 이유,1
LG,격언,0
NAVER,잘가네,0
현대건설,원만 종가에 넘으면,1
한화시스템,문 닫아라,0
LG생활건강,힌트준다 개장하면 삭제함,1
삼성화재,대주주 양도세 폐지해야 코스피 코리아,1
한화오션,이거 보합가면,0
한화솔루션,망한거 아니냐,0
KT&G,며칠동안 관심 없었는데,1
엔씨소프트,만 열차 출발,0
JB금융지주,한화투자증권 김도하연구원 쓰레기 레포트,0
코웨이,실적은 괜찮네 그런데 주가는,1
NH투자증권,정부는 증권사 스팩상장폐지 해라,1
삼성카드,대차 잔고,0
POSCO홀딩스,오늘 하루 매수 했다가 내일 매도,1
신한지주,망하는 신한지주,0
LG유플러스,메인서버 해킹으로 서버까지 폐기 했는데,1
삼성전자,종가에,0
삼성생명,올려줄 생각이없는듯,1
현대차,게c 박,0
LG에너지솔루션,어차피 보합친다,0
NH투자증권,솔직히 걱정은 안되는데 다만,1
현대건설,초장기투자의 현대건설의 좋은 주식 절,1
삼성바이오로직스,저는 주 있었는데 어디갔지 돈이 언,1
HD한국조선해양,낼 죽었다,0
한진칼,공매맛집 갑질천국,1
SK,최가 오늘 복상사 가능할까요,1
두산에너빌리티,이번주는,0
포스코퓨처엠,Cngr 지나가면서 본 내용,1
한국금융지주,에 옵션걸려있나보다,1
두산,국내 무인기 위 기업인 대한항공,1
삼성화재,찟째명,0
LG에너지솔루션,최고점에서 나온 뻥카,1
두산밥캣,한번 세게 띵길만한데,1
LS,전력쪽은,0
LG이노텍,개미가 붙어서 이제 만원 찍으러 간다,1
엘앤에프,거래일 퍼를 빼네,0
카카오,못간다면 원으로내려라,1
효성중공업,올해 국장은 지주사의 해,1
키움증권,와 또 이런다고,0
LIG넥스원,외인 프로는,0
DB손해보험,뭔일 있냐,0
두산,대악재 떳네 억 이거 돈 어,0
LG생활건강,아직도 비싸,0
두산밥캣,대모는 상치는데,0
LG이노텍,노무라 어디갔노,0
크래프톤,오늘 왜 빠졌나요,0
KT,정권 바뀔때마다 문제가 뭐냐면,1
오리온,잃을게 없다,0
현대건설,이런 기사가 떳네요,1
두산에너빌리티,이번주 짜,0
SKC,병우유이형 살아있어,1
두산밥캣,깨비 댓글들 봐라 소설쓰냐,1
LG에너지솔루션,도요타 북미 차전지 캐파 확대 하하하 뭔,1
LS ELECTRIC,개거품 주당가치 만원짜리가,1
셀트리온,혹시 이 주식 슈렉인가요,1
키움증권,무상증자찌레쉬,0
LG디스플레이,우리 디플이는 주가는 꼬라 박는데 공,1
삼성중공업,조선업은 끝났다니까,0
기아,상 받았구나,0
HD한국조선해양,무너진드아아아,0
SKC,롯데,0
한국타이어앤테크놀로지,돈복사 고마워요,0
LG전자,예는 오늘 왜,0
삼성SDI,OOO 일봉,0
삼성E&A,삼성e a 가 폭락한 원인,0
POSCO홀딩스,년 후에도 변화 없을 확률,1
LG이노텍,십조이노텍,0
대한전선,하하하,0
삼성SDI,망하지마라,0
현대모비스,아 미친회사,0
한미약품,또또,0
HMM,걸어서힐링아,0
HD한국조선해양,또 등쳐먹을라고,0
LS,지옥으로 가보자고,0
우리금융지주,자가 될것인가 자가 될것인가,1
LG에너지솔루션,뇌가없나,0
KT,사털리고,0
한국금융지주,만천원,0
현대로템,주가조작 세력 구속 수사 원칙,0
유한양행,힘들게 살지말고 한국주식은 하지 않는 것이 상책,1
기아,내가 뭐랬냐 보합이거나 내려간다 했지,1
하나금융지주,지루하네,0
HD현대마린솔루션,까지,0
엔씨소프트,멤버쉽이외 과금안해도되는데,1
대한전선,개잡주,0
SK바이오사이언스,Jp모건,0
한화솔루션,이거 그리고 정책주아님,1
NAVER,이쯤에서 다시 한번 상기시켜본다 네붕이는,1
카카오페이,잡주페이퍼 팔아서 크리넥스 각티슈 사러갔더니,1
삼성전기,씨드제로영감,0
현대글로비스,넘어갈,0
넷마블,평균 목표가 원,0
한미반도체,장난하지마라,0
대한전선,얘는,0
HD현대일렉트릭,혹시나가 역시나,0
LG유플러스,넌 얼마나튈려고,0
카카오,전 랭 순 매 도,0
크래프톤,더 빠져라,0
LG이노텍,언제까지,0
삼성에스디에스,코스피 천빨로,0
LG디스플레이,년 대 하락 종지부 찍고 마지막 저가 눌림기간,0
두산,다음주에 원이네,0
GS,도망쳐,0
CJ,주가조작팀 오늘 휴무인가요,0
셀트리온,한주의 시작 월요일 과 끝 금요일 기분 잣가트려,1
한진칼,공매를 이길자 아무도 없다,1
HD현대마린솔루션,세력이,0
KB금융,분기 배당금은,0
두산밥캣,아니 근데 횡령한게 왜,1
삼성전기,월계미성 유치장 안치 전 최후의 만찬이 동태,1
DB손해보험,원칙없는 증권거래세 원복 반대 청원,1
현대건설,부실공사하듯,0
아모레퍼시픽,쌍으로 죽이려,0
한국금융지주,매도 실수 인듯,0
LG화학,망했으면 좋겠다,0
LS,호반이나 LS구가나 다 똑 같은 인간,1
엔씨소프트,날개 조작 날라가는거 나만 짜증나나,0
SK텔레콤,관련 고배당 ETF,1
현대로템,시총 순위,0
LG유플러스,대에서 저번에,0
SK텔레콤,정보료 받아가며 부추겨,1
한국전력,여까지,0
한국타이어앤테크놀로지,상은 못가겠노,0
한국항공우주,한에 LIG보면 오늘 양전 가능,1
현대건설,물타기 빠르다,0
두산밥캣,재건주 추종 못 하게 만드는 것은 지배주주,1
고려아연,실적발표,0
삼성전자,퐁당포당 다 담아라,1
CJ,제당이 땜시,0
한화시스템,곡소리 나오기 시작하네,1
NAVER,억 빚투가 너무 많아,1
SKC,Skc,0
LS,구데기들,0
넷마블,오늘도 제자리,0
삼성물산,년말까지 시총 위 목표,1
HMM,추세추측,0
오리온,편출일,0
키움증권,국내 증권사들은 미장에서 상폐 통보나 상,1
포스코인터내셔널,내말 안들은 댓가임,1
키움증권,증권사 수수료 돈 벌고,1
삼성바이오로직스,내일은 nxt 개장하는건가요,1
엘앤에프,Nc보다못한주식이네,1
삼성물산,모두를 실망 시키는 주가,1
하나금융지주,시총 위 종목이,0
한화시스템,이것 땜에,0
삼성에스디에스,떨어질땐 빛의속도로 뚝뚝 떨어지더니,0
LG에너지솔루션,심각하다,0
HD현대미포,만도 상한가 간다,1
LG생활건강,매수 적기다,0
HD현대마린솔루션,이대로 주욱 올라가자,1
한화에어로스페이스,음봉이네요 벌써,0
한진칼,공매폭탄 만주 대기중,1
HD현대일렉트릭,세력아,0
LG이노텍,본장에는 어쩔려고,1
NAVER,모든 범죄는 돈과 연관되 있듯 주식 바닥,1
두산,흐린날은 피해가야긋다,1
KT&G,AI 요약 KT G 년 분기,1
현대차,피크아웃,0
NH투자증권,nh투자증권,0
LIG넥스원,먼소리냐 오늘 신용 안 털렸는데 내가,1
삼성전자,물타기할 물고기 낚시에 제법걸려드렀네,1
대한전선,공시 나와도,0
LG,무슨일있냐,0
두산밥캣,지배주주가 외인창구 다 약쳐났어요,1
삼성SDI,코스피 코스닥 신용매매들,1
HD현대중공업,한조 조 수주건 현중 억 수주건,1
삼성에스디에스,박지원 사기꾼아 삼성에스디에스 피똥싸고,1
유한양행,무증해라,0
두산,땅콩이들 오늘은 금요일,1
DB손해보험,너무 못가네,0
삼성물산,알테오젠 시총보다 낮다는게 말이되나요,1
한화에어로스페이스,하닉 현중 보는 듯 변동폭이 개판이네,0
SK하이닉스,만 가짜돌 빼면,0
HD현대일렉트릭,케이지에이 참고 같은 주포임,1
HD한국조선해양,빛좋은 개살구 옥상옥 중복상장으로 지주사,1
LG생활건강,회사 이 꼬라지 만들어 놓고 버티는,1
LG전자,이거,0
기업은행,이걸로 큰 돈 벌 생각은 없고,1
삼성화재,주가에 반대로 가는 이유가 있나요,1
삼성증권,줍줍,0
두산에너빌리티,미원전 년 가동,0
한화,누르기 신공,0
하이브,이제 월부터,0
한화솔루션,올려놔야되지 않어,1
KT,자사주 소각하자,0
DB손해보험,배당,0
넷마블,역시 넷마블 진리의 금요일,1
삼성증권,뭔일 있냐,0
삼성중공업,삼중 배당 한푼 없을듯,1
고려아연,매수로 돌아가면,0
현대건설,재진입 고민중인 전 주주,1
LG생활건강,필독,0
LG,만 가야 하는데,0
기업은행,오늘 은행주 다들 달리는데,1
LG화학,팔사람들 빨리팔고,1
LG이노텍,매도완료나오시오 일단 튀어라,1
삼양식품,이제 per배로 내려가자,1
기아,방구가 자꾸 나오는데,1
HMM,참 설명할수 없는 주가,1
GS,GS 망 해 라,0
현대차,낼은 몇 상승마감할까요,1
LG생활건강,형이다 오늘이 에 팔수있는 거의 마지막날이,1
POSCO홀딩스,지수 떨어질때는,0
LG생활건강,내가 팔면 올라,1
두산에너빌리티,이거 손실 참 크다진짜,0
삼성전기,새로운 리서치가 있어요,1
카카오페이,스테이블 코인,0
삼성화재,삼성화재,0
현대건설,진심 현대건설,0
SKC,skc,0
대한전선,예언,0
한미약품,NH투자증권 제약 바이오 Top Pic,1
LG에너지솔루션,오늘도,0
신한지주,현주가는 배당이 프로다,1
넷마블,악재 떳네,0
고려아연,얼마전 내가 주가내려 못견디고,1
LG이노텍,떨어질때 마다 매수하세요,1
유한양행,차트 보면 유한은 큰 재미 없을 듯하고,1
삼성E&A,사장이름이 이씨가 아닌데,1
한미반도체,기쁘지 않았네 시,0
CJ,일본가는 만명 유커가 한국오면 올리,1
엔씨소프트,교환사채 발행 안한다는구만 기레기들 진짜,1
LG이노텍,뚫는지 보고 탑승대기,1
KT,오늘,0
두산에너빌리티,뉴스케일은,0
한진칼,대한민국 대표,0
메리츠금융지주,머이니,0
SK텔레콤,상한가네,1
LG전자,이번엔,0
S-Oil,어휴 미친,0
LG전자,대폭락장 대비하라,0
NAVER,확 좀빼주이소,0
LG전자,잡주 특징이,0
HD현대중공업,공매도의 이유,0
한화시스템,에라이,0
한화솔루션,럼프 앱스타인문제로 일났음,1
삼성카드,공매도 만주 이상 조졌네,1
두산에너빌리티,원전 안한다는 나라에서 원전을한다,1
대한전선,개미가 공매도 치는 물량들을 소화시킬 수 있,1
삼성중공업,국힘당의 미래,0
하나금융지주,오늘도,0
SK바이오사이언스,뭔가 좋은느낌,0
HD현대일렉트릭,찐 공시가 나와야,0
한화오션,시초가 원 괜찮겄어,1
한화시스템,이거는 끝났다 했제,0
삼성전자,오늘도 외인은 닉스 팔고 삼전으로 이동하는구나,1
삼성화재,다시 고점 볼 수 있을까,1
LG,구광모는,0
셀트리온,엄청나게 찍어 누르는구나,1
한국금융지주,분봉움직임 좋네요,1
한화,잡아내서 철창 보내라,1
한화솔루션,코스피 자랑질하던 당,1
삼성전자,ai가 추천해주는 종목 프로그램 써보신분,1
고려아연,이번 년도 배당 금액보라,1
유한양행,챠트보면,0
현대로템,세력이 조만간 너만겁나 올린갑다,1
한진칼,오늘도 골드만 모간형님,1
LIG넥스원,평화를 원하면 전쟁을 준비하라,1
POSCO홀딩스,포스코가 망하면 나라가 망하는데,1
넷마블,내가 어제 분명,0
SK텔레콤,모간서울 힘내,0
기업은행,개미 또 탔다,0
효성중공업,내릴때 사자,0
S-Oil,짜증나네 어제 팔았는데,1
키움증권,지하 몇 층까지,0
현대로템,승자,0
현대글로비스,긴호흡으로,0
한화솔루션,오늘 종가 신용 풀매수하고,1
SK바이오팜,Sk,0
한화시스템,상승은 언감생심 꿈도 꾸지 않는게 좋을 겁니다,1
삼성E&A,생각처럼 잘안데긴 안데지요,1
아모레퍼시픽,여긴직업이다들없나,1
한화,어제밤,0
LS ELECTRIC,주 월봉 차트 끝났네,1
한국전력,동시호가 뻥카아님,1
KT&G,이건 우량주지,0
포스코인터내셔널,영차영차,0
LG에너지솔루션,Ai로 인해 해고 급증 금리 내려도 물가,1
카카오,구글처럼,0
한국금융지주,만원에서 억 매수대기,1
삼양식품,거래량이,0
삼성증권,순이익이 한국금융지주 반도 못따라가는,1
고려아연,휴 개미들의 협력이 필요한 시점,1
셀트리온,일본만 하더라도 중소든 대기업이든 직장,1
POSCO홀딩스,단기고점 이것도 이젠 요원하네,1
코웨이,적정주가는,0
우리금융지주,대통령 하나 잘뽑으니 만원짜리 우금지가,1
삼성증권,배당받아봐야 배당락후 계속폭락하면,0
LS ELECTRIC,AI냐 노후 전력망 교체 수효냐,1
하이브,오늘 좀 올라주네,1
SK텔레콤,상 보,0
두산,내려가면 추가 매수,1
NAVER,나는 예전에 민석이가 증말로 특,1
SK하이닉스,기타법인 누구냐,0
코웨이,지속적인 변화,0
한화솔루션,한화솔루션 목표주가 분석 리포트,1
카카오,반도체만 디지게올려서 지수만 방어,1
하나금융지주,배당락일 끝나면 떨어지나요,0
삼성물산,매도 마렵네,0
GS,차트 상 오늘이 중요함,1
LG에너지솔루션,SDI가짱이다,0
삼성증권,한투에 쏠려 삼성 상승 절대없음,1
오리온,개관들에게 질문,0
기업은행,배당은 주지말고,0
두산에너빌리티,러시아가 싹쓸이하는 글로벌 신규원전시장,1
한미약품,대웅제약,0
한화시스템,좀 사다가 다시 패대기 치는 패턴,1
삼성에스디에스,유일무이,0
삼성에스디에스,에는 독약발라놨냐,1
두산,이딴 주식에 물타는 것들은 뭐야,1
현대모비스,이상하네,0
SK하이닉스,초보들 하락추세에선 절대매수금지,0
HD한국조선해양,낼은,0
기아,넘넘,0
두산,연상,0
한화,아놔 물렸네,0
LS,주총 표결에서 잘하면 구씨들 몰아낼수 있을수,1
현대모비스,말을 들어야지,0
LIG넥스원,층 언제가냐,0
